Student_ID,Age,Gender,Study_Hours,Attendance,Math_Score,Science_Score,English_Score,Computer_Score,Total_Score,Percentage,Grade
STU10001,19,Male,5.5,69.8,72,72,89,92,325,81.25,A
STU10002,20,Female,5.3,86.0,88,89,89,95,361,90.25,A+
STU10003,18,Female,7.3,75.7,88,88,81,88,345,86.25,A
STU10004,20,Male,6.8,66.3,87,97,100,97,381,95.25,A+
STU10005,20,Female,3.3,91.7,67,59,65,67,258,64.5,C
STU10006,17,Male,6.0,96.0,74,89,84,91,338,84.5,A
STU10007,18,Male,2.8,97.6,77,75,74,73,299,74.75,B
STU10008,18,Female,5.8,83.9,97,92,83,98,370,92.5,A+
STU10009,18,Male,3.6,88.3,60,54,45,73,232,58.0,D
STU10010,20,Female,2.7,95.7,57,67,81,65,270,67.5,C
STU10011,19,Female,5.0,75.6,78,76,79,83,316,79.0,B
STU10012,18,Male,0.5,93.1,72,68,79,68,287,71.75,B
STU10013,21,Male,1.3,84.8,59,74,62,83,278,69.5,C
STU10014,20,Male,4.2,91.1,65,71,77,66,279,69.75,C
STU10015,17,Male,4.6,83.9,73,68,66,71,278,69.5,C
STU10016,19,Male,3.8,95.0,91,81,71,100,343,85.75,A
STU10017,21,Male,1.7,84.2,71,57,58,67,253,63.25,C
STU10018,21,Male,3.0,67.2,64,74,59,74,271,67.75,C
STU10019,17,Female,5.2,96.5,100,86,96,100,382,95.5,A+
STU10020,19,Female,5.5,72.5,75,86,87,93,341,85.25,A
STU10021,20,Female,4.5,94.5,89,91,87,100,367,91.75,A+
STU10022,16,Male,6.6,81.1,70,81,74,93,318,79.5,B
STU10023,19,Male,5.2,93.8,70,61,71,74,276,69.0,C
STU10024,17,Female,3.2,93.3,71,78,64,87,300,75.0,B
STU10025,21,Female,4.0,86.3,76,68,65,84,293,73.25,B
STU10026,20,Male,2.0,87.1,78,72,73,75,298,74.5,B
STU10027,19,Female,4.3,86.2,92,85,92,96,365,91.25,A+
STU10028,16,Female,6.5,61.9,73,61,75,72,281,70.25,B
STU10029,16,Female,5.7,83.2,78,96,89,94,357,89.25,A
STU10030,18,Male,7.0,70.8,76,75,68,90,309,77.25,B
STU10031,18,Female,4.0,83.7,89,86,69,79,323,80.75,A
STU10032,17,Female,6.9,70.6,90,84,75,82,331,82.75,A
STU10033,19,Female,4.2,70.2,55,76,71,76,278,69.5,C
STU10034,19,Female,7.1,98.0,85,80,100,96,361,90.25,A+
STU10035,21,Female,4.5,92.7,76,76,71,81,304,76.0,B
STU10036,21,Female,5.8,82.0,81,84,75,92,332,83.0,A
STU10037,21,Male,7.2,83.8,76,81,77,83,317,79.25,B
STU10038,18,Female,4.2,79.5,70,74,76,88,308,77.0,B
STU10039,19,Female,4.9,87.7,79,91,84,95,349,87.25,A
STU10040,19,Female,6.8,75.2,86,93,100,100,379,94.75,A+
STU10041,16,Male,4.3,91.9,82,86,93,85,346,86.5,A
STU10042,18,Male,2.1,79.5,77,85,71,73,306,76.5,B
STU10043,20,Female,8.4,77.8,94,100,100,100,394,98.5,A+
STU10044,18,Female,3.7,82.2,70,79,64,67,280,70.0,B
STU10045,20,Female,4.8,76.1,70,61,53,63,247,61.75,C
STU10046,16,Female,6.6,85.3,88,95,100,99,382,95.5,A+
STU10047,17,Female,3.4,76.6,48,52,43,60,203,50.75,D
STU10048,19,Female,2.7,86.7,93,90,78,99,360,90.0,A+
STU10049,16,Female,5.0,94.2,94,100,100,97,391,97.75,A+
STU10050,19,Female,1.3,74.8,78,75,81,75,309,77.25,B
STU10051,21,Female,4.0,80.7,71,84,68,79,302,75.5,B
STU10052,17,Male,4.9,86.6,85,92,92,100,369,92.25,A+
STU10053,17,Male,4.0,77.6,73,78,78,75,304,76.0,B
STU10054,16,Female,1.7,86.6,90,66,65,82,303,75.75,B
STU10055,17,Male,7.4,87.6,82,86,79,91,338,84.5,A
STU10056,20,Male,4.7,92.8,71,60,69,59,259,64.75,C
STU10057,17,Male,7.1,75.9,82,88,75,97,342,85.5,A
STU10058,19,Male,4.0,72.6,60,50,65,65,240,60.0,C
STU10059,19,Male,2.9,78.9,82,85,94,79,340,85.0,A
STU10060,19,Male,5.0,72.3,82,93,74,95,344,86.0,A
STU10061,19,Female,4.1,87.6,68,53,65,71,257,64.25,C
STU10062,20,Female,2.4,70.4,61,70,79,85,295,73.75,B
STU10063,18,Male,7.1,100.0,94,89,88,100,371,92.75,A+
STU10064,21,Male,3.4,95.0,64,59,61,85,269,67.25,C
STU10065,16,Female,1.2,82.1,68,65,70,58,261,65.25,C
STU10066,19,Male,6.9,90.7,95,87,81,97,360,90.0,A+
STU10067,17,Female,3.6,65.6,73,77,65,69,284,71.0,B
STU10068,19,Female,3.4,100.0,69,61,78,72,280,70.0,B
STU10069,17,Female,1.3,76.1,68,70,67,67,272,68.0,C
STU10070,21,Male,7.6,80.8,75,85,86,86,332,83.0,A
STU10071,21,Female,2.2,63.4,69,67,67,80,283,70.75,B
STU10072,21,Male,4.6,86.9,71,85,87,86,329,82.25,A
STU10073,17,Female,6.1,70.9,75,70,81,82,308,77.0,B
STU10074,19,Female,5.3,83.0,76,81,86,89,332,83.0,A
STU10075,21,Male,4.4,76.6,94,95,88,94,371,92.75,A+
STU10076,20,Male,1.4,71.2,61,55,44,69,229,57.25,D
STU10077,17,Male,3.0,74.0,66,66,67,71,270,67.5,C
STU10078,17,Female,4.8,84.3,86,88,94,93,361,90.25,A+
STU10079,19,Male,3.1,69.2,67,67,66,75,275,68.75,C
STU10080,17,Female,4.9,74.5,78,65,74,63,280,70.0,B
STU10081,17,Male,5.7,88.6,91,100,100,100,391,97.75,A+
STU10082,21,Female,6.2,100.0,98,93,87,94,372,93.0,A+
STU10083,19,Female,2.3,86.8,64,67,82,77,290,72.5,B
STU10084,21,Female,8.5,72.8,96,100,92,100,388,97.0,A+
STU10085,21,Female,5.9,78.3,93,100,95,100,388,97.0,A+
STU10086,19,Male,4.5,82.3,59,52,51,64,226,56.5,D
STU10087,16,Male,6.5,78.5,90,78,94,89,351,87.75,A
STU10088,21,Female,8.8,91.0,100,100,100,100,400,100.0,A+
STU10089,20,Male,1.9,84.2,71,67,71,63,272,68.0,C
STU10090,20,Male,4.1,91.1,64,70,67,68,269,67.25,C
STU10091,17,Male,0.5,78.9,80,63,53,58,254,63.5,C
STU10092,20,Male,4.8,95.3,92,84,85,91,352,88.0,A
STU10093,17,Male,5.2,80.3,97,91,92,94,374,93.5,A+
STU10094,16,Female,4.4,72.3,69,66,82,81,298,74.5,B
STU10095,19,Male,3.3,100.0,79,87,98,95,359,89.75,A
STU10096,19,Female,0.8,63.8,43,50,52,48,193,48.25,F
STU10097,19,Male,5.2,74.6,74,63,78,72,287,71.75,B
STU10098,20,Female,7.1,75.7,75,77,91,91,334,83.5,A
STU10099,16,Male,3.4,100.0,81,100,95,92,368,92.0,A+
STU10100,20,Female,5.3,100.0,90,86,99,83,358,89.5,A
STU10101,20,Female,1.7,96.9,74,68,63,78,283,70.75,B
STU10102,16,Male,5.3,78.7,76,87,78,93,334,83.5,A
STU10103,16,Female,3.8,100.0,80,88,83,93,344,86.0,A
STU10104,16,Female,3.1,85.7,77,61,67,59,264,66.0,C
STU10105,16,Female,3.1,91.8,82,84,87,81,334,83.5,A
STU10106,19,Female,3.8,83.8,58,63,61,79,261,65.25,C
STU10107,18,Male,5.2,81.5,86,100,100,94,380,95.0,A+
STU10108,18,Female,2.1,79.5,57,64,57,69,247,61.75,C
STU10109,16,Male,3.8,79.9,71,65,65,70,271,67.75,C
STU10110,18,Male,4.4,88.1,87,84,86,89,346,86.5,A
STU10111,18,Female,2.5,85.7,78,77,86,71,312,78.0,B
STU10112,16,Male,7.7,81.7,82,95,89,95,361,90.25,A+
STU10113,18,Female,3.0,97.1,78,92,78,91,339,84.75,A
STU10114,20,Female,3.3,52.3,65,64,48,65,242,60.5,C
STU10115,17,Female,2.7,87.1,93,88,80,93,354,88.5,A
STU10116,17,Female,7.7,89.2,100,94,93,100,387,96.75,A+
STU10117,16,Male,5.5,93.5,100,95,99,100,394,98.5,A+
STU10118,19,Male,2.8,81.4,70,70,71,76,287,71.75,B
STU10119,16,Male,6.5,84.1,96,84,97,93,370,92.5,A+
STU10120,19,Male,4.9,91.9,83,93,79,98,353,88.25,A
STU10121,17,Male,5.0,96.9,87,86,98,100,371,92.75,A+
STU10122,16,Male,3.9,79.0,77,79,86,91,333,83.25,A
STU10123,21,Female,3.2,84.7,75,71,75,78,299,74.75,B
STU10124,20,Female,5.1,98.8,70,78,64,72,284,71.0,B
STU10125,18,Male,3.5,60.8,69,76,84,88,317,79.25,B
STU10126,19,Female,7.8,75.1,86,82,97,100,365,91.25,A+
STU10127,21,Male,2.2,96.7,64,75,69,64,272,68.0,C
STU10128,18,Male,7.3,92.9,100,93,100,100,393,98.25,A+
STU10129,18,Female,4.3,87.2,65,59,73,69,266,66.5,C
STU10130,16,Female,5.0,77.5,86,82,79,91,338,84.5,A
STU10131,18,Female,6.0,73.2,62,82,69,70,283,70.75,B
STU10132,20,Male,3.4,76.1,69,65,75,70,279,69.75,C
STU10133,21,Female,6.1,97.5,99,90,90,100,379,94.75,A+
STU10134,18,Female,0.5,75.7,68,64,76,75,283,70.75,B
STU10135,16,Female,3.2,83.0,62,65,75,80,282,70.5,B
STU10136,20,Female,2.8,74.5,64,69,59,75,267,66.75,C
STU10137,17,Female,2.2,90.4,73,61,78,67,279,69.75,C
STU10138,21,Female,4.1,76.6,72,81,74,80,307,76.75,B
STU10139,18,Female,5.2,81.0,80,82,68,85,315,78.75,B
STU10140,16,Female,5.8,65.2,72,94,76,85,327,81.75,A
STU10141,17,Female,4.9,65.9,64,57,52,66,239,59.75,D
STU10142,17,Male,3.3,82.1,64,61,74,70,269,67.25,C
STU10143,19,Female,5.2,68.7,77,90,80,86,333,83.25,A
STU10144,20,Male,4.7,100.0,75,89,75,90,329,82.25,A
STU10145,18,Male,6.2,61.4,83,81,85,92,341,85.25,A
STU10146,16,Female,5.9,74.0,76,71,84,84,315,78.75,B
STU10147,19,Female,4.6,82.2,75,84,71,80,310,77.5,B
STU10148,20,Female,2.9,78.3,57,66,57,81,261,65.25,C
STU10149,19,Male,3.3,71.0,78,64,62,75,279,69.75,C
STU10150,21,Female,3.5,72.4,79,79,65,83,306,76.5,B
STU10151,20,Male,3.9,72.1,61,76,83,77,297,74.25,B
STU10152,20,Female,5.0,79.1,71,70,65,79,285,71.25,B
STU10153,18,Female,5.8,100.0,82,80,81,86,329,82.25,A
STU10154,20,Female,4.4,82.8,56,61,65,72,254,63.5,C
STU10155,19,Female,4.5,93.8,100,81,100,100,381,95.25,A+
STU10156,20,Female,4.8,87.1,73,65,74,73,285,71.25,B
STU10157,18,Female,3.6,93.1,71,69,78,77,295,73.75,B
STU10158,18,Male,2.8,54.0,70,59,64,78,271,67.75,C
STU10159,21,Male,1.3,79.0,61,70,58,71,260,65.0,C
STU10160,19,Female,3.2,95.1,64,75,79,85,303,75.75,B
STU10161,17,Female,5.4,76.3,82,80,84,84,330,82.5,A
STU10162,17,Male,3.2,99.6,85,71,86,77,319,79.75,B
STU10163,20,Female,4.1,96.8,97,87,78,79,341,85.25,A
STU10164,21,Male,5.3,77.3,61,68,72,74,275,68.75,C
STU10165,16,Female,5.4,77.0,86,66,75,90,317,79.25,B
STU10166,20,Female,2.6,71.9,61,84,75,85,305,76.25,B
STU10167,21,Female,6.3,75.7,95,77,86,95,353,88.25,A
STU10168,19,Female,6.5,69.7,85,95,95,97,372,93.0,A+
STU10169,19,Male,2.5,86.3,72,83,81,92,328,82.0,A
STU10170,19,Male,3.0,67.4,80,81,81,80,322,80.5,A
STU10171,19,Female,6.6,88.0,96,100,96,100,392,98.0,A+
STU10172,19,Female,4.2,88.3,65,65,66,79,275,68.75,C
STU10173,21,Male,0.5,65.4,64,65,66,62,257,64.25,C
STU10174,21,Female,2.0,97.5,88,85,76,73,322,80.5,A
STU10175,18,Male,4.1,87.1,82,71,71,74,298,74.5,B
STU10176,17,Female,2.4,89.5,68,68,75,74,285,71.25,B
STU10177,19,Female,3.8,74.4,88,85,86,87,346,86.5,A
STU10178,16,Male,4.6,88.2,75,59,84,74,292,73.0,B
STU10179,21,Male,7.1,93.3,85,100,78,100,363,90.75,A+
STU10180,16,Female,4.0,81.0,77,92,92,84,345,86.25,A
STU10181,16,Female,6.4,100.0,98,91,70,97,356,89.0,A
STU10182,16,Female,7.1,82.4,89,96,91,88,364,91.0,A+
STU10183,18,Female,7.1,93.4,100,94,100,100,394,98.5,A+
STU10184,21,Female,5.0,84.9,72,74,75,78,299,74.75,B
STU10185,16,Female,1.0,87.9,53,49,60,62,224,56.0,D
STU10186,19,Female,5.3,65.3,75,88,74,87,324,81.0,A
STU10187,20,Female,6.4,85.7,90,90,100,100,380,95.0,A+
STU10188,16,Male,4.4,74.7,69,83,84,85,321,80.25,A
STU10189,18,Male,7.6,73.5,74,83,77,94,328,82.0,A
STU10190,21,Female,6.0,99.4,98,85,94,100,377,94.25,A+
STU10191,18,Male,5.5,79.9,71,63,67,83,284,71.0,B
STU10192,16,Female,6.5,72.0,70,71,71,80,292,73.0,B
STU10193,21,Female,5.1,78.4,77,73,74,86,310,77.5,B
STU10194,20,Female,0.5,69.0,68,66,68,59,261,65.25,C
STU10195,16,Male,3.6,96.3,90,91,79,86,346,86.5,A
STU10196,18,Male,6.7,75.0,76,87,84,95,342,85.5,A
STU10197,17,Male,3.0,87.3,73,75,71,72,291,72.75,B
STU10198,19,Male,4.1,95.6,81,80,78,80,319,79.75,B
STU10199,18,Male,2.6,77.0,75,67,73,76,291,72.75,B
STU10200,21,Female,7.7,87.3,73,77,84,95,329,82.25,A
STU10201,16,Female,7.5,71.7,86,87,79,96,348,87.0,A
STU10202,19,Female,2.9,100.0,85,75,76,74,310,77.5,B
STU10203,16,Female,4.8,91.4,69,77,71,68,285,71.25,B
STU10204,21,Male,3.3,80.1,68,65,75,75,283,70.75,B
STU10205,16,Female,5.6,74.3,88,82,94,86,350,87.5,A
STU10206,17,Female,5.4,80.9,73,80,71,83,307,76.75,B
STU10207,19,Male,6.0,78.6,93,74,87,82,336,84.0,A
STU10208,19,Female,5.1,100.0,81,88,86,91,346,86.5,A
STU10209,21,Male,9.8,69.7,100,100,100,100,400,100.0,A+
STU10210,17,Female,2.6,83.3,51,55,69,70,245,61.25,C
STU10211,18,Female,1.4,81.8,71,72,75,74,292,73.0,B
STU10212,16,Male,3.8,80.8,73,58,64,75,270,67.5,C
STU10213,20,Female,1.7,80.9,76,73,65,76,290,72.5,B
STU10214,16,Female,1.8,80.8,67,65,72,66,270,67.5,C
STU10215,16,Female,2.7,90.7,54,64,67,59,244,61.0,C
STU10216,18,Male,2.8,88.1,67,59,65,70,261,65.25,C
STU10217,16,Female,2.8,86.2,77,73,92,88,330,82.5,A
STU10218,17,Male,5.4,51.7,78,91,72,97,338,84.5,A
STU10219,17,Male,3.6,85.0,82,69,85,76,312,78.0,B
STU10220,19,Male,4.2,65.4,81,66,78,76,301,75.25,B
STU10221,21,Female,6.1,88.5,100,100,100,100,400,100.0,A+
STU10222,20,Female,3.1,96.7,81,100,93,85,359,89.75,A
STU10223,16,Female,4.0,72.7,55,75,61,75,266,66.5,C
STU10224,16,Female,5.2,79.4,79,67,77,77,300,75.0,B
STU10225,18,Male,1.0,76.0,80,81,72,79,312,78.0,B
STU10226,21,Male,0.5,94.4,51,46,59,63,219,54.75,D
STU10227,17,Male,5.1,83.0,88,87,84,87,346,86.5,A
STU10228,20,Male,5.4,99.3,91,90,86,94,361,90.25,A+
STU10229,19,Male,8.2,86.1,100,100,100,95,395,98.75,A+
STU10230,17,Male,4.8,84.4,78,84,73,89,324,81.0,A
STU10231,21,Male,6.0,82.7,80,76,82,98,336,84.0,A
STU10232,19,Male,4.1,90.2,90,84,86,82,342,85.5,A
STU10233,18,Male,5.0,64.6,62,80,82,71,295,73.75,B
STU10234,18,Male,7.5,82.9,76,84,100,96,356,89.0,A
STU10235,16,Female,0.7,81.3,54,63,60,64,241,60.25,C
STU10236,21,Female,5.2,89.3,90,75,93,88,346,86.5,A
STU10237,20,Female,8.3,80.1,82,89,84,83,338,84.5,A
STU10238,19,Male,5.0,71.6,68,76,66,80,290,72.5,B
STU10239,17,Male,7.5,82.1,81,77,83,99,340,85.0,A
STU10240,21,Female,3.4,71.2,75,84,79,99,337,84.25,A
STU10241,21,Male,4.4,62.7,76,69,52,78,275,68.75,C
STU10242,18,Male,4.6,89.3,64,71,72,64,271,67.75,C
STU10243,16,Male,0.5,87.8,40,44,49,49,182,45.5,F
STU10244,16,Male,2.4,86.7,58,60,68,66,252,63.0,C
STU10245,19,Male,2.5,95.0,95,84,90,84,353,88.25,A
STU10246,18,Male,6.0,75.3,78,81,84,94,337,84.25,A
STU10247,21,Female,6.1,67.7,75,86,83,96,340,85.0,A
STU10248,20,Male,5.1,81.3,80,93,98,98,369,92.25,A+
STU10249,18,Male,6.0,78.5,84,91,100,95,370,92.5,A+
STU10250,19,Female,4.2,73.6,77,65,72,81,295,73.75,B
STU10251,19,Male,6.7,81.2,100,100,100,99,399,99.75,A+
STU10252,18,Male,4.5,75.9,69,86,73,75,303,75.75,B
STU10253,19,Female,4.6,63.6,77,83,81,91,332,83.0,A
STU10254,18,Male,4.0,77.6,76,83,77,82,318,79.5,B
STU10255,17,Male,5.7,70.6,79,78,81,79,317,79.25,B
STU10256,18,Female,3.7,84.3,61,65,64,83,273,68.25,C
STU10257,18,Male,6.3,75.4,73,75,91,93,332,83.0,A
STU10258,19,Female,2.5,93.1,77,88,91,79,335,83.75,A
STU10259,19,Female,2.5,98.0,76,67,77,73,293,73.25,B
STU10260,16,Male,5.7,88.8,81,85,77,82,325,81.25,A
STU10261,16,Female,4.3,66.5,81,84,83,83,331,82.75,A
STU10262,17,Female,3.7,97.1,86,86,56,69,297,74.25,B
STU10263,16,Male,6.1,97.8,88,100,96,89,373,93.25,A+
STU10264,18,Female,3.4,82.2,79,88,91,92,350,87.5,A
STU10265,19,Male,4.1,95.2,78,88,73,97,336,84.0,A
STU10266,16,Female,7.0,76.5,73,89,91,95,348,87.0,A
STU10267,16,Male,7.3,63.3,69,73,79,85,306,76.5,B
STU10268,17,Male,7.3,74.4,80,87,70,93,330,82.5,A
STU10269,21,Male,4.0,99.3,91,74,78,99,342,85.5,A
STU10270,17,Female,6.7,67.1,73,75,91,90,329,82.25,A
STU10271,18,Male,2.8,82.0,83,78,87,88,336,84.0,A
STU10272,19,Male,2.9,82.3,70,65,80,81,296,74.0,B
STU10273,17,Male,0.5,76.9,52,65,70,65,252,63.0,C
STU10274,16,Female,7.5,77.6,90,83,88,100,361,90.25,A+
STU10275,19,Female,2.9,82.7,69,80,84,75,308,77.0,B
STU10276,19,Female,4.3,76.4,57,65,50,71,243,60.75,C
STU10277,16,Female,2.9,67.8,89,92,84,83,348,87.0,A
STU10278,17,Female,5.8,84.2,97,93,71,95,356,89.0,A
STU10279,16,Male,3.8,92.7,73,72,73,93,311,77.75,B
STU10280,21,Female,2.2,90.7,64,61,56,65,246,61.5,C
STU10281,19,Female,5.3,73.9,74,65,76,90,305,76.25,B
STU10282,20,Female,1.9,69.5,69,63,74,80,286,71.5,B
STU10283,20,Female,3.0,79.2,76,69,76,79,300,75.0,B
STU10284,18,Male,0.7,97.7,61,51,60,59,231,57.75,D
STU10285,16,Male,1.9,88.5,66,60,66,61,253,63.25,C
STU10286,16,Female,4.8,89.0,76,70,81,79,306,76.5,B
STU10287,18,Female,1.0,90.9,57,51,54,63,225,56.25,D
STU10288,18,Female,1.8,86.2,82,91,75,85,333,83.25,A
STU10289,18,Female,4.5,83.2,61,58,64,73,256,64.0,C
STU10290,19,Female,3.5,88.6,92,65,82,89,328,82.0,A
STU10291,21,Male,8.1,76.5,84,79,73,99,335,83.75,A
STU10292,16,Female,7.8,67.9,73,72,90,82,317,79.25,B
STU10293,19,Male,2.9,89.2,53,51,64,60,228,57.0,D
STU10294,18,Male,5.5,94.4,80,86,75,82,323,80.75,A
STU10295,16,Male,5.8,70.8,100,89,92,100,381,95.25,A+
STU10296,19,Female,3.4,90.2,87,70,95,79,331,82.75,A
STU10297,21,Male,1.8,98.8,58,65,64,72,259,64.75,C
STU10298,19,Male,4.5,82.0,78,94,90,100,362,90.5,A+
STU10299,21,Female,4.2,73.8,76,88,80,92,336,84.0,A
STU10300,18,Male,3.7,83.2,76,58,74,82,290,72.5,B
STU10301,21,Female,5.3,76.5,100,88,100,100,388,97.0,A+
STU10302,16,Female,3.1,75.8,80,77,79,79,315,78.75,B
STU10303,18,Female,2.4,86.3,64,74,76,77,291,72.75,B
STU10304,16,Female,4.7,66.0,62,66,69,73,270,67.5,C
STU10305,20,Male,5.2,67.6,76,75,100,99,350,87.5,A
STU10306,17,Female,2.4,82.2,64,61,72,68,265,66.25,C
STU10307,21,Male,6.2,81.8,85,100,83,97,365,91.25,A+
STU10308,17,Female,1.3,85.4,61,60,56,67,244,61.0,C
STU10309,17,Male,3.5,100.0,83,84,87,83,337,84.25,A
STU10310,21,Female,4.0,83.0,76,70,59,77,282,70.5,B
STU10311,18,Male,3.4,88.0,60,58,62,53,233,58.25,D
STU10312,20,Male,3.5,72.2,64,78,74,92,308,77.0,B
STU10313,16,Male,7.9,89.7,74,74,68,97,313,78.25,B
STU10314,19,Male,3.0,76.7,69,60,64,75,268,67.0,C
STU10315,16,Female,8.9,82.7,99,100,100,100,399,99.75,A+
STU10316,19,Male,5.3,80.9,89,85,96,95,365,91.25,A+
STU10317,16,Female,4.7,92.3,79,86,88,78,331,82.75,A
STU10318,21,Female,5.4,68.9,79,85,79,80,323,80.75,A
STU10319,20,Female,9.1,59.2,95,89,100,100,384,96.0,A+
STU10320,19,Male,2.7,79.9,73,84,74,89,320,80.0,A
STU10321,18,Male,2.5,86.7,84,90,74,92,340,85.0,A
STU10322,16,Female,3.1,83.5,81,79,75,75,310,77.5,B
STU10323,16,Male,4.6,94.3,81,98,71,78,328,82.0,A
STU10324,19,Male,1.4,86.4,58,73,66,62,259,64.75,C
STU10325,18,Female,4.5,76.4,79,85,87,87,338,84.5,A
STU10326,18,Female,7.5,58.7,97,93,83,97,370,92.5,A+
STU10327,21,Female,4.8,79.6,68,84,79,94,325,81.25,A
STU10328,21,Male,4.0,92.3,94,79,85,87,345,86.25,A
STU10329,21,Female,3.4,78.1,61,66,78,61,266,66.5,C
STU10330,21,Male,6.1,82.3,84,95,81,94,354,88.5,A
STU10331,21,Male,3.0,86.2,84,74,86,87,331,82.75,A
STU10332,21,Female,7.8,71.8,100,100,87,100,387,96.75,A+
STU10333,20,Male,8.0,88.2,84,96,100,100,380,95.0,A+
STU10334,18,Male,5.0,98.4,68,70,86,80,304,76.0,B
STU10335,21,Male,4.5,80.3,73,73,68,66,280,70.0,B
STU10336,18,Female,6.4,70.7,100,97,98,95,390,97.5,A+
STU10337,18,Female,6.5,81.3,100,100,94,100,394,98.5,A+
STU10338,17,Female,3.0,59.8,60,63,72,69,264,66.0,C
STU10339,20,Female,3.6,85.4,61,81,91,87,320,80.0,A
STU10340,21,Male,2.1,86.5,64,68,68,76,276,69.0,C
STU10341,16,Male,5.2,98.8,79,75,77,78,309,77.25,B
STU10342,19,Male,5.7,80.1,73,79,80,76,308,77.0,B
STU10343,16,Male,2.1,86.1,45,45,48,53,191,47.75,F
STU10344,20,Female,3.7,73.4,83,77,100,83,343,85.75,A
STU10345,19,Female,2.1,78.4,41,44,45,48,178,44.5,F
STU10346,20,Male,2.9,66.7,77,68,76,78,299,74.75,B
STU10347,18,Male,5.5,80.1,82,73,67,79,301,75.25,B
STU10348,19,Male,3.2,78.9,68,64,78,81,291,72.75,B
STU10349,18,Male,4.0,85.0,87,92,100,93,372,93.0,A+
STU10350,16,Female,1.6,75.8,60,68,70,62,260,65.0,C
STU10351,16,Male,4.8,82.8,70,70,75,73,288,72.0,B
STU10352,19,Male,4.4,78.7,82,65,65,83,295,73.75,B
STU10353,19,Female,3.2,78.7,70,60,58,63,251,62.75,C
STU10354,21,Male,4.2,82.8,77,66,80,85,308,77.0,B
STU10355,20,Female,4.8,82.4,86,82,93,84,345,86.25,A
STU10356,21,Male,3.0,89.6,92,83,85,88,348,87.0,A
STU10357,20,Female,1.8,80.8,53,47,70,63,233,58.25,D
STU10358,21,Female,7.8,78.5,96,90,87,95,368,92.0,A+
STU10359,18,Female,3.4,80.2,73,78,73,70,294,73.5,B
STU10360,19,Male,4.3,74.9,88,89,85,88,350,87.5,A
STU10361,16,Female,6.3,78.4,87,87,87,91,352,88.0,A
STU10362,20,Male,10.0,100.0,100,100,95,100,395,98.75,A+
STU10363,20,Male,2.3,72.9,64,55,65,79,263,65.75,C
STU10364,16,Male,5.3,79.2,67,86,76,76,305,76.25,B
STU10365,21,Male,3.2,78.1,69,86,81,83,319,79.75,B
STU10366,20,Female,3.5,79.5,72,80,85,72,309,77.25,B
STU10367,18,Female,3.2,78.7,71,73,86,84,314,78.5,B
STU10368,19,Female,2.5,84.8,76,77,79,80,312,78.0,B
STU10369,16,Female,4.4,64.9,86,80,69,82,317,79.25,B
STU10370,19,Female,1.8,92.4,79,86,95,73,333,83.25,A
STU10371,20,Male,6.2,88.3,90,94,80,97,361,90.25,A+
STU10372,20,Male,4.6,69.6,74,68,69,89,300,75.0,B
STU10373,16,Female,5.3,59.3,85,68,69,81,303,75.75,B
STU10374,18,Male,3.7,72.2,67,73,79,72,291,72.75,B
STU10375,17,Female,3.8,79.6,68,75,82,75,300,75.0,B
STU10376,16,Male,5.0,100.0,96,98,98,100,392,98.0,A+
STU10377,17,Male,2.4,87.4,80,83,76,90,329,82.25,A
STU10378,21,Male,3.9,63.9,79,71,75,74,299,74.75,B
STU10379,17,Male,3.0,75.1,75,73,88,70,306,76.5,B
STU10380,18,Male,2.9,81.5,100,100,82,99,381,95.25,A+
STU10381,21,Female,0.7,84.5,54,62,60,57,233,58.25,D
STU10382,17,Male,6.9,68.9,75,68,82,88,313,78.25,B
STU10383,21,Female,3.3,80.7,69,54,59,71,253,63.25,C
STU10384,17,Male,6.6,74.8,85,81,86,100,352,88.0,A
STU10385,18,Male,6.4,71.0,79,100,92,88,359,89.75,A
STU10386,17,Male,2.2,84.6,71,63,71,65,270,67.5,C
STU10387,17,Female,2.5,89.7,65,66,86,60,277,69.25,C
STU10388,17,Male,9.1,90.4,97,100,100,100,397,99.25,A+
STU10389,16,Female,7.7,87.7,94,96,90,92,372,93.0,A+
STU10390,16,Male,4.4,77.0,77,80,78,89,324,81.0,A
STU10391,16,Female,5.0,89.1,93,99,96,94,382,95.5,A+
STU10392,18,Male,3.4,85.1,83,71,80,95,329,82.25,A
STU10393,21,Female,5.3,83.3,82,83,90,86,341,85.25,A
STU10394,20,Female,3.2,75.9,81,88,81,90,340,85.0,A
STU10395,17,Female,0.8,77.0,72,63,63,71,269,67.25,C
STU10396,17,Male,2.1,82.7,59,58,63,74,254,63.5,C
STU10397,18,Male,4.5,100.0,79,67,81,76,303,75.75,B
STU10398,17,Male,2.5,85.0,60,61,66,74,261,65.25,C
STU10399,16,Female,4.4,75.9,78,72,77,78,305,76.25,B
STU10400,20,Female,2.6,73.7,79,77,75,67,298,74.5,B
STU10401,19,Female,3.1,77.1,70,71,71,87,299,74.75,B
STU10402,17,Male,6.0,100.0,100,97,100,100,397,99.25,A+
STU10403,16,Male,4.9,78.0,76,66,69,84,295,73.75,B
STU10404,19,Male,4.5,91.1,96,100,98,97,391,97.75,A+
STU10405,20,Female,6.1,78.2,84,98,76,93,351,87.75,A
STU10406,19,Female,5.4,84.6,79,71,58,75,283,70.75,B
STU10407,16,Female,7.1,89.9,80,91,84,96,351,87.75,A
STU10408,21,Male,3.7,76.3,93,96,77,99,365,91.25,A+
STU10409,21,Female,3.7,75.6,71,71,69,73,284,71.0,B
STU10410,19,Female,2.2,98.6,66,75,83,69,293,73.25,B
STU10411,18,Male,3.7,91.8,78,79,69,62,288,72.0,B
STU10412,19,Female,6.2,89.9,94,83,70,88,335,83.75,A
STU10413,17,Female,6.8,89.9,80,93,96,95,364,91.0,A+
STU10414,17,Female,6.2,86.6,86,89,85,86,346,86.5,A
STU10415,21,Female,1.3,100.0,71,75,79,74,299,74.75,B
STU10416,18,Male,6.4,82.4,75,100,96,87,358,89.5,A
STU10417,16,Male,1.2,87.8,61,56,62,61,240,60.0,C
STU10418,17,Female,6.1,67.5,77,80,85,79,321,80.25,A
STU10419,21,Male,3.8,73.8,68,69,76,81,294,73.5,B
STU10420,20,Female,5.8,70.0,72,79,67,91,309,77.25,B
STU10421,21,Female,2.1,94.7,80,85,72,87,324,81.0,A
STU10422,17,Female,6.6,56.5,85,72,89,87,333,83.25,A
STU10423,17,Female,1.9,78.0,64,69,60,64,257,64.25,C
STU10424,21,Male,3.3,52.1,78,66,74,79,297,74.25,B
STU10425,16,Male,2.7,73.7,75,66,66,83,290,72.5,B
STU10426,19,Male,1.3,77.1,58,80,65,76,279,69.75,C
STU10427,17,Male,4.7,95.8,100,89,96,100,385,96.25,A+
STU10428,21,Male,7.8,86.0,87,83,90,100,360,90.0,A+
STU10429,21,Male,9.3,73.7,72,71,72,87,302,75.5,B
STU10430,18,Female,4.7,92.7,80,100,92,89,361,90.25,A+
STU10431,19,Female,6.5,82.2,71,61,68,85,285,71.25,B
STU10432,20,Male,4.9,82.4,80,77,79,77,313,78.25,B
STU10433,16,Male,5.4,70.0,64,54,48,58,224,56.0,D
STU10434,20,Female,3.9,72.1,61,67,85,62,275,68.75,C
STU10435,19,Male,4.9,73.7,80,71,83,67,301,75.25,B
STU10436,19,Male,5.5,82.5,81,73,73,91,318,79.5,B
STU10437,19,Male,3.5,82.8,69,84,65,81,299,74.75,B
STU10438,20,Female,4.4,97.4,86,82,91,88,347,86.75,A
STU10439,19,Male,4.4,85.9,68,72,74,78,292,73.0,B
STU10440,21,Female,6.0,54.9,78,83,72,97,330,82.5,A
STU10441,20,Male,2.6,84.6,52,56,43,70,221,55.25,D
STU10442,19,Female,4.4,67.5,64,75,69,90,298,74.5,B
STU10443,21,Male,7.9,72.3,97,89,81,100,367,91.75,A+
STU10444,18,Male,6.6,73.9,78,79,79,80,316,79.0,B
STU10445,19,Female,6.9,75.4,86,75,78,77,316,79.0,B
STU10446,20,Female,4.5,68.2,75,64,71,84,294,73.5,B
STU10447,17,Female,5.1,84.0,86,99,87,100,372,93.0,A+
STU10448,19,Female,6.3,67.9,77,95,96,88,356,89.0,A
STU10449,17,Female,7.3,85.6,84,86,94,93,357,89.25,A
STU10450,21,Female,1.0,100.0,64,63,67,80,274,68.5,C
STU10451,18,Female,2.1,68.7,65,75,84,71,295,73.75,B
STU10452,16,Male,6.9,79.2,88,100,81,96,365,91.25,A+
STU10453,18,Male,4.0,56.8,44,47,43,49,183,45.75,F
STU10454,19,Male,3.3,79.0,71,62,64,67,264,66.0,C
STU10455,17,Female,2.2,88.4,76,63,52,70,261,65.25,C
STU10456,17,Male,3.5,89.2,84,65,92,77,318,79.5,B
STU10457,20,Male,2.0,82.8,72,67,72,65,276,69.0,C
STU10458,17,Female,8.3,90.9,100,100,96,100,396,99.0,A+
STU10459,20,Female,4.5,100.0,97,84,90,90,361,90.25,A+
STU10460,21,Female,4.4,99.1,76,65,74,86,301,75.25,B
STU10461,16,Male,5.6,76.8,88,96,91,92,367,91.75,A+
STU10462,19,Female,6.2,67.5,93,86,82,99,360,90.0,A+
STU10463,20,Male,6.2,77.9,77,73,63,79,292,73.0,B
STU10464,16,Male,6.4,72.5,78,77,100,92,347,86.75,A
STU10465,17,Male,3.4,86.5,67,62,60,84,273,68.25,C
STU10466,17,Male,4.0,70.2,80,79,88,79,326,81.5,A
STU10467,16,Male,5.9,81.3,78,93,86,93,350,87.5,A
STU10468,17,Female,3.6,90.4,84,88,100,100,372,93.0,A+
STU10469,21,Male,4.5,81.0,81,84,88,94,347,86.75,A
STU10470,21,Female,5.2,72.5,82,76,87,81,326,81.5,A
STU10471,16,Female,5.9,93.7,74,79,91,84,328,82.0,A
STU10472,20,Male,1.3,63.2,59,69,49,66,243,60.75,C
STU10473,20,Female,5.8,78.7,100,99,89,100,388,97.0,A+
STU10474,16,Male,4.1,81.6,75,76,66,78,295,73.75,B
STU10475,20,Female,5.8,82.2,82,77,79,89,327,81.75,A
STU10476,20,Male,5.9,83.8,66,71,62,74,273,68.25,C
STU10477,21,Male,7.4,88.1,89,99,81,100,369,92.25,A+
STU10478,20,Male,6.9,81.6,95,84,89,100,368,92.0,A+
STU10479,18,Female,6.9,78.3,83,88,65,87,323,80.75,A
STU10480,19,Female,7.1,77.9,87,98,99,93,377,94.25,A+
STU10481,17,Male,5.0,75.9,68,73,66,78,285,71.25,B
STU10482,18,Female,4.6,89.9,89,76,74,86,325,81.25,A
STU10483,20,Female,6.1,75.5,75,89,65,96,325,81.25,A
STU10484,21,Female,5.8,90.5,88,82,97,86,353,88.25,A
STU10485,16,Female,3.9,82.2,73,72,67,93,305,76.25,B
STU10486,20,Female,5.2,76.8,88,86,87,87,348,87.0,A
STU10487,21,Female,4.4,88.2,71,75,57,77,280,70.0,B
STU10488,19,Female,3.0,74.7,58,62,68,76,264,66.0,C
STU10489,20,Male,6.8,88.4,79,88,100,100,367,91.75,A+
STU10490,16,Male,4.6,84.1,80,88,83,77,328,82.0,A
STU10491,21,Male,8.2,76.0,93,98,94,100,385,96.25,A+
STU10492,21,Female,1.6,87.3,74,69,68,69,280,70.0,B
STU10493,21,Female,3.5,87.5,67,87,76,93,323,80.75,A
STU10494,19,Male,4.6,93.6,90,94,88,88,360,90.0,A+
STU10495,20,Female,6.5,91.7,74,82,92,95,343,85.75,A
STU10496,19,Male,5.2,86.9,81,84,83,86,334,83.5,A
STU10497,17,Male,5.1,70.7,67,82,78,82,309,77.25,B
STU10498,17,Female,2.5,100.0,86,80,76,75,317,79.25,B
STU10499,20,Male,2.4,68.0,52,62,61,64,239,59.75,D
STU10500,19,Male,5.1,91.5,85,86,82,81,334,83.5,A
STU10501,16,Female,2.0,86.3,56,71,66,75,268,67.0,C
STU10502,21,Female,3.5,70.3,84,83,80,72,319,79.75,B
STU10503,21,Male,5.4,80.8,83,89,88,81,341,85.25,A
STU10504,20,Female,2.7,81.2,57,62,49,52,220,55.0,D
STU10505,17,Female,7.4,95.1,100,86,93,96,375,93.75,A+
STU10506,17,Male,6.7,74.9,86,84,81,96,347,86.75,A
STU10507,21,Male,1.7,79.4,68,66,75,73,282,70.5,B
STU10508,20,Female,2.8,58.6,59,69,57,68,253,63.25,C
STU10509,19,Male,0.5,99.3,59,55,75,53,242,60.5,C
STU10510,17,Female,3.1,71.3,70,83,77,80,310,77.5,B
STU10511,19,Female,5.9,85.3,80,78,93,86,337,84.25,A
STU10512,17,Female,3.8,81.0,81,73,69,87,310,77.5,B
STU10513,17,Male,5.3,81.0,80,82,80,87,329,82.25,A
STU10514,18,Female,1.8,90.1,67,80,75,68,290,72.5,B
STU10515,17,Male,5.9,98.7,74,83,78,98,333,83.25,A
STU10516,16,Male,3.5,84.5,76,49,68,74,267,66.75,C
STU10517,20,Male,4.5,88.6,78,73,93,81,325,81.25,A
STU10518,20,Male,4.3,85.3,79,75,71,69,294,73.5,B
STU10519,19,Female,2.2,92.2,73,62,67,68,270,67.5,C
STU10520,17,Male,2.4,77.4,61,65,86,85,297,74.25,B
STU10521,16,Male,6.2,92.8,91,83,75,84,333,83.25,A
STU10522,19,Female,5.2,93.1,75,57,77,92,301,75.25,B
STU10523,18,Male,6.4,92.8,100,100,100,100,400,100.0,A+
STU10524,19,Female,5.1,75.4,72,66,68,73,279,69.75,C
STU10525,19,Male,4.8,80.3,88,73,91,95,347,86.75,A
STU10526,17,Female,1.4,84.4,68,75,80,90,313,78.25,B
STU10527,18,Female,4.0,68.3,74,71,82,87,314,78.5,B
STU10528,19,Male,4.5,97.9,70,83,63,90,306,76.5,B
STU10529,16,Male,8.0,81.9,88,100,97,96,381,95.25,A+
STU10530,16,Male,5.7,84.8,79,74,72,89,314,78.5,B
STU10531,20,Female,7.3,76.2,90,91,81,100,362,90.5,A+
STU10532,18,Male,5.6,68.7,88,80,99,88,355,88.75,A
STU10533,18,Male,3.2,76.0,60,59,72,72,263,65.75,C
STU10534,20,Male,4.7,84.2,76,62,74,83,295,73.75,B
STU10535,19,Male,4.9,88.7,79,59,82,79,299,74.75,B
STU10536,18,Female,2.8,83.6,85,70,82,70,307,76.75,B
STU10537,16,Female,3.8,85.5,73,88,71,87,319,79.75,B
STU10538,16,Male,4.1,78.6,61,72,77,87,297,74.25,B
STU10539,17,Male,7.4,87.0,88,64,80,91,323,80.75,A
STU10540,18,Female,0.8,96.8,53,51,52,58,214,53.5,D
STU10541,19,Female,6.7,89.0,89,86,88,100,363,90.75,A+
STU10542,20,Male,2.8,90.1,68,74,67,66,275,68.75,C
STU10543,20,Male,2.0,84.9,84,75,84,77,320,80.0,A
STU10544,19,Male,6.6,67.0,70,80,83,84,317,79.25,B
STU10545,21,Female,5.8,71.6,81,78,75,84,318,79.5,B
STU10546,17,Male,6.8,86.5,95,92,87,99,373,93.25,A+
STU10547,20,Female,5.9,81.9,86,79,87,100,352,88.0,A
STU10548,18,Female,8.2,86.4,100,100,89,100,389,97.25,A+
STU10549,17,Female,5.5,98.8,95,92,86,96,369,92.25,A+
STU10550,18,Male,4.2,89.3,80,96,92,93,361,90.25,A+
STU10551,16,Male,5.1,94.6,90,91,100,100,381,95.25,A+
STU10552,17,Male,6.7,82.9,90,86,79,100,355,88.75,A
STU10553,20,Male,3.1,73.9,71,69,74,81,295,73.75,B
STU10554,17,Female,3.3,81.4,82,94,79,81,336,84.0,A
STU10555,17,Female,3.9,74.0,65,64,60,75,264,66.0,C
STU10556,17,Female,0.7,97.6,55,76,63,70,264,66.0,C
STU10557,21,Female,4.7,89.9,74,75,83,100,332,83.0,A
STU10558,17,Male,1.1,87.2,41,53,44,57,195,48.75,F
STU10559,18,Male,4.6,94.4,95,98,87,100,380,95.0,A+
STU10560,16,Male,6.1,61.8,54,48,54,66,222,55.5,D
STU10561,19,Female,3.6,87.9,57,56,55,49,217,54.25,D
STU10562,17,Female,7.5,68.9,90,98,86,94,368,92.0,A+
STU10563,20,Female,1.9,81.9,64,75,53,71,263,65.75,C
STU10564,17,Male,6.6,78.9,91,88,82,86,347,86.75,A
STU10565,20,Male,5.7,88.6,94,92,87,95,368,92.0,A+
STU10566,18,Female,1.4,84.3,56,43,40,51,190,47.5,F
STU10567,20,Male,9.4,95.5,100,100,100,100,400,100.0,A+
STU10568,19,Female,4.4,76.0,77,79,90,82,328,82.0,A
STU10569,16,Female,2.9,89.1,83,51,74,74,282,70.5,B
STU10570,20,Female,2.0,83.6,62,66,80,80,288,72.0,B
STU10571,20,Male,4.1,65.6,68,72,94,84,318,79.5,B
STU10572,16,Male,4.3,72.8,69,80,95,79,323,80.75,A
STU10573,19,Male,4.7,80.5,66,60,55,70,251,62.75,C
STU10574,17,Male,4.0,93.1,90,100,88,92,370,92.5,A+
STU10575,20,Male,5.6,86.6,91,97,91,100,379,94.75,A+
STU10576,16,Female,3.8,70.3,49,54,63,64,230,57.5,D
STU10577,18,Female,1.0,80.6,62,59,74,58,253,63.25,C
STU10578,16,Male,4.2,100.0,68,74,86,93,321,80.25,A
STU10579,18,Male,0.5,83.1,62,71,61,74,268,67.0,C
STU10580,19,Male,5.1,78.7,70,57,58,64,249,62.25,C
STU10581,17,Male,2.7,86.9,75,68,68,68,279,69.75,C
STU10582,16,Female,4.8,89.6,69,65,56,75,265,66.25,C
STU10583,21,Male,6.9,77.4,85,83,85,94,347,86.75,A
STU10584,20,Male,2.8,87.0,64,83,60,73,280,70.0,B
STU10585,19,Male,6.4,78.7,79,83,73,85,320,80.0,A
STU10586,16,Female,3.7,89.2,68,58,65,70,261,65.25,C
STU10587,20,Female,7.7,83.7,74,93,90,89,346,86.5,A
STU10588,16,Male,3.8,86.8,82,88,85,85,340,85.0,A
STU10589,18,Female,3.0,74.4,72,59,75,77,283,70.75,B
STU10590,16,Female,5.7,73.8,77,80,94,91,342,85.5,A
STU10591,21,Female,3.7,91.5,86,79,84,80,329,82.25,A
STU10592,16,Male,3.0,81.2,70,70,69,82,291,72.75,B
STU10593,16,Female,3.6,84.9,78,74,75,84,311,77.75,B
STU10594,21,Female,4.4,78.9,76,81,83,93,333,83.25,A
STU10595,19,Female,6.9,91.0,72,66,73,83,294,73.5,B
STU10596,16,Female,1.0,75.9,68,48,48,68,232,58.0,D
STU10597,21,Female,4.5,80.6,80,94,90,88,352,88.0,A
STU10598,20,Male,5.6,89.9,95,78,89,93,355,88.75,A
STU10599,18,Female,4.8,93.7,79,82,72,92,325,81.25,A
STU10600,18,Female,6.9,76.8,61,65,78,68,272,68.0,C
STU10601,16,Female,4.4,100.0,82,85,75,89,331,82.75,A
STU10602,19,Male,4.2,85.1,82,93,92,98,365,91.25,A+
STU10603,19,Female,5.6,71.6,85,81,89,75,330,82.5,A
STU10604,20,Female,4.7,85.7,67,59,80,84,290,72.5,B
STU10605,16,Male,3.8,78.2,77,68,86,71,302,75.5,B
STU10606,18,Female,5.4,86.3,80,91,84,89,344,86.0,A
STU10607,19,Female,3.3,81.6,80,83,93,82,338,84.5,A
STU10608,16,Female,3.4,82.7,77,65,66,67,275,68.75,C
STU10609,19,Male,3.5,72.9,75,63,86,79,303,75.75,B
STU10610,21,Male,6.9,91.9,95,100,87,100,382,95.5,A+
STU10611,19,Female,0.5,70.4,59,46,58,73,236,59.0,D
STU10612,18,Male,5.2,70.9,90,88,100,100,378,94.5,A+
STU10613,17,Female,4.6,85.7,60,86,72,81,299,74.75,B
STU10614,20,Female,1.5,98.0,90,93,84,86,353,88.25,A
STU10615,20,Female,5.1,78.5,73,76,74,77,300,75.0,B
STU10616,18,Male,5.4,89.0,77,89,78,83,327,81.75,A
STU10617,19,Female,5.6,92.7,100,78,83,97,358,89.5,A
STU10618,16,Male,0.5,90.1,53,54,62,66,235,58.75,D
STU10619,19,Male,7.0,78.9,89,86,84,90,349,87.25,A
STU10620,18,Male,3.2,71.1,70,72,88,80,310,77.5,B
STU10621,20,Male,5.7,59.9,56,69,70,77,272,68.0,C
STU10622,19,Female,5.8,79.4,85,100,100,100,385,96.25,A+
STU10623,20,Female,2.9,93.8,59,60,68,68,255,63.75,C
STU10624,16,Male,5.7,70.8,100,93,91,100,384,96.0,A+
STU10625,20,Female,3.8,89.0,86,90,70,90,336,84.0,A
STU10626,20,Male,0.8,72.5,59,49,69,59,236,59.0,D
STU10627,17,Female,6.6,83.1,69,78,77,84,308,77.0,B
STU10628,17,Female,3.1,89.1,78,65,68,73,284,71.0,B
STU10629,21,Female,3.0,75.4,69,69,68,75,281,70.25,B
STU10630,17,Male,3.8,83.7,73,73,76,81,303,75.75,B
STU10631,20,Female,5.0,77.8,96,87,98,100,381,95.25,A+
STU10632,18,Male,4.4,89.1,100,91,96,100,387,96.75,A+
STU10633,20,Female,5.5,84.4,91,77,84,98,350,87.5,A
STU10634,18,Male,2.1,82.6,58,65,70,53,246,61.5,C
STU10635,18,Female,3.2,97.6,64,70,78,86,298,74.5,B
STU10636,17,Female,4.3,88.6,83,82,73,84,322,80.5,A
STU10637,19,Female,7.9,75.1,71,74,74,93,312,78.0,B
STU10638,16,Male,4.3,81.1,80,63,62,78,283,70.75,B
STU10639,17,Female,6.5,81.2,100,100,100,100,400,100.0,A+
STU10640,17,Male,4.6,82.8,72,80,72,80,304,76.0,B
STU10641,19,Female,3.6,100.0,63,78,74,86,301,75.25,B
STU10642,16,Male,4.1,85.7,74,81,84,84,323,80.75,A
STU10643,20,Male,4.2,61.6,61,67,42,61,231,57.75,D
STU10644,21,Female,5.6,76.6,71,75,62,77,285,71.25,B
STU10645,21,Male,7.0,62.7,67,76,54,82,279,69.75,C
STU10646,20,Male,5.1,78.7,89,86,91,99,365,91.25,A+
STU10647,17,Male,6.6,62.1,69,84,89,86,328,82.0,A
STU10648,16,Male,2.8,73.3,52,42,35,61,190,47.5,F
STU10649,17,Female,3.8,66.8,79,80,71,88,318,79.5,B
STU10650,18,Female,3.2,85.8,67,71,71,70,279,69.75,C
STU10651,17,Male,5.1,82.0,56,64,58,67,245,61.25,C
STU10652,17,Male,3.9,85.0,71,71,66,76,284,71.0,B
STU10653,20,Male,5.8,81.0,83,81,93,92,349,87.25,A
STU10654,20,Male,2.8,68.1,71,59,67,71,268,67.0,C
STU10655,20,Female,4.6,87.1,94,100,83,93,370,92.5,A+
STU10656,21,Female,5.7,100.0,86,78,65,89,318,79.5,B
STU10657,18,Male,0.8,86.1,59,63,83,64,269,67.25,C
STU10658,20,Male,8.3,77.7,73,86,97,90,346,86.5,A
STU10659,16,Male,4.0,67.7,65,67,57,68,257,64.25,C
STU10660,21,Female,0.9,72.9,60,81,69,75,285,71.25,B
STU10661,19,Female,4.8,86.5,75,85,81,88,329,82.25,A
STU10662,16,Male,4.6,92.7,82,82,89,100,353,88.25,A
STU10663,16,Male,4.4,84.6,83,74,76,100,333,83.25,A
STU10664,20,Female,6.3,90.0,77,72,79,92,320,80.0,A
STU10665,19,Female,5.8,89.1,72,65,82,81,300,75.0,B
STU10666,19,Male,5.0,87.1,78,76,94,89,337,84.25,A
STU10667,21,Male,5.3,75.4,98,74,96,88,356,89.0,A
STU10668,19,Male,4.3,83.7,89,98,100,91,378,94.5,A+
STU10669,18,Female,7.7,73.5,88,98,94,93,373,93.25,A+
STU10670,20,Male,1.8,82.2,59,65,63,66,253,63.25,C
STU10671,19,Male,4.8,85.3,79,90,68,81,318,79.5,B
STU10672,21,Female,4.6,98.8,84,76,85,93,338,84.5,A
STU10673,18,Male,6.0,68.9,75,67,76,75,293,73.25,B
STU10674,17,Female,3.0,86.8,73,60,72,79,284,71.0,B
STU10675,17,Male,1.4,96.8,51,64,53,66,234,58.5,D
STU10676,18,Male,4.8,89.6,76,75,91,93,335,83.75,A
STU10677,21,Female,5.0,90.3,100,95,100,99,394,98.5,A+
STU10678,18,Male,7.2,87.9,88,100,100,100,388,97.0,A+
STU10679,20,Female,2.2,95.0,60,74,58,70,262,65.5,C
STU10680,20,Female,6.6,71.1,86,83,78,98,345,86.25,A
STU10681,17,Male,8.8,68.1,90,88,96,99,373,93.25,A+
STU10682,19,Female,3.8,81.9,72,68,75,87,302,75.5,B
STU10683,21,Male,2.2,60.4,67,82,67,64,280,70.0,B
STU10684,17,Female,3.8,94.3,73,82,81,85,321,80.25,A
STU10685,19,Male,4.5,94.2,100,100,100,100,400,100.0,A+
STU10686,19,Female,5.5,77.7,99,88,99,100,386,96.5,A+
STU10687,20,Male,3.4,78.3,91,82,74,78,325,81.25,A
STU10688,16,Male,7.3,81.3,97,96,100,100,393,98.25,A+
STU10689,16,Female,2.5,82.5,67,73,73,77,290,72.5,B
STU10690,18,Female,1.4,83.3,49,59,50,47,205,51.25,D
STU10691,20,Male,6.5,87.6,84,97,92,100,373,93.25,A+
STU10692,19,Male,0.5,80.3,69,75,66,72,282,70.5,B
STU10693,21,Female,4.1,91.4,92,79,67,79,317,79.25,B
STU10694,16,Female,10.0,86.5,100,98,100,100,398,99.5,A+
STU10695,19,Male,4.5,75.9,93,79,99,89,360,90.0,A+
STU10696,16,Male,2.5,95.4,81,81,81,84,327,81.75,A
STU10697,16,Male,4.4,68.4,63,68,57,67,255,63.75,C
STU10698,16,Female,4.4,81.1,61,91,95,89,336,84.0,A
STU10699,21,Male,4.8,91.7,85,68,74,87,314,78.5,B
STU10700,20,Male,5.7,74.8,85,90,83,85,343,85.75,A
STU10701,21,Female,2.6,85.1,73,82,90,75,320,80.0,A
STU10702,17,Male,7.5,87.4,99,100,100,100,399,99.75,A+
STU10703,19,Female,4.9,73.4,65,75,68,77,285,71.25,B
STU10704,20,Male,5.8,81.3,71,81,85,87,324,81.0,A
STU10705,20,Male,3.4,80.4,81,75,85,96,337,84.25,A
STU10706,20,Male,6.8,76.5,76,74,73,83,306,76.5,B
STU10707,20,Female,4.0,100.0,68,71,50,82,271,67.75,C
STU10708,21,Male,5.0,74.4,71,89,79,76,315,78.75,B
STU10709,20,Female,2.8,92.0,67,70,79,73,289,72.25,B
STU10710,18,Female,2.7,78.1,75,72,81,89,317,79.25,B
STU10711,19,Female,5.7,71.1,77,75,87,90,329,82.25,A
STU10712,20,Male,3.7,83.0,76,81,79,79,315,78.75,B
STU10713,19,Male,3.0,88.5,58,68,58,76,260,65.0,C
STU10714,18,Male,3.3,91.2,81,89,86,85,341,85.25,A
STU10715,18,Male,5.8,97.6,94,98,94,100,386,96.5,A+
STU10716,19,Male,3.4,100.0,64,67,70,81,282,70.5,B
STU10717,16,Female,4.3,84.5,83,68,69,79,299,74.75,B
STU10718,17,Male,4.5,75.4,83,72,80,79,314,78.5,B
STU10719,16,Male,1.0,86.5,52,59,58,57,226,56.5,D
STU10720,16,Male,1.9,79.3,68,80,84,81,313,78.25,B
STU10721,21,Female,5.1,91.3,69,58,73,84,284,71.0,B
STU10722,16,Male,3.2,69.0,57,68,61,64,250,62.5,C
STU10723,20,Female,6.4,100.0,81,100,93,94,368,92.0,A+
STU10724,21,Male,6.2,90.6,86,77,91,99,353,88.25,A
STU10725,21,Female,5.8,65.2,71,72,85,78,306,76.5,B
STU10726,18,Female,7.8,74.9,95,87,92,100,374,93.5,A+
STU10727,16,Male,4.4,90.2,67,68,60,78,273,68.25,C
STU10728,18,Male,5.7,93.8,94,68,91,96,349,87.25,A
STU10729,19,Male,3.4,69.3,63,85,70,78,296,74.0,B
STU10730,17,Male,8.9,89.1,93,100,93,100,386,96.5,A+
STU10731,21,Female,8.1,62.5,85,76,83,86,330,82.5,A
STU10732,19,Female,4.5,81.1,78,89,96,92,355,88.75,A
STU10733,19,Female,5.2,93.1,75,77,81,83,316,79.0,B
STU10734,20,Female,6.9,76.5,92,84,97,100,373,93.25,A+
STU10735,17,Male,4.2,66.9,76,95,91,90,352,88.0,A
STU10736,19,Male,3.3,83.5,80,95,90,85,350,87.5,A
STU10737,19,Female,6.1,76.0,86,88,87,100,361,90.25,A+
STU10738,17,Male,4.6,88.3,75,89,74,78,316,79.0,B
STU10739,17,Female,4.8,73.1,67,85,76,83,311,77.75,B
STU10740,19,Male,3.0,74.3,71,61,78,69,279,69.75,C
STU10741,17,Male,1.4,61.8,40,43,56,58,197,49.25,F
STU10742,19,Female,4.9,83.7,80,93,76,100,349,87.25,A
STU10743,19,Male,6.1,80.4,82,76,100,88,346,86.5,A
STU10744,20,Female,4.1,70.1,75,93,70,81,319,79.75,B
STU10745,16,Female,7.1,83.9,86,84,97,92,359,89.75,A
STU10746,19,Female,3.2,92.3,70,80,82,75,307,76.75,B
STU10747,18,Female,2.6,79.8,68,72,76,75,291,72.75,B
STU10748,21,Female,4.4,84.7,75,73,63,75,286,71.5,B
STU10749,16,Female,4.4,84.7,76,100,85,99,360,90.0,A+
STU10750,16,Male,5.9,70.0,76,88,77,78,319,79.75,B
STU10751,16,Male,3.1,100.0,84,75,89,85,333,83.25,A
STU10752,20,Female,7.0,77.3,94,86,83,88,351,87.75,A
STU10753,19,Male,8.0,88.6,91,99,85,100,375,93.75,A+
STU10754,20,Male,4.4,89.7,62,59,72,72,265,66.25,C
STU10755,19,Male,6.7,80.6,85,95,99,99,378,94.5,A+
STU10756,20,Female,2.6,88.1,77,68,91,76,312,78.0,B
STU10757,20,Female,6.4,84.5,75,89,71,86,321,80.25,A
STU10758,21,Male,6.4,67.8,77,72,76,81,306,76.5,B
STU10759,18,Female,6.1,78.7,82,69,91,89,331,82.75,A
STU10760,20,Female,4.5,75.9,81,76,68,73,298,74.5,B
STU10761,21,Female,0.5,77.4,75,75,73,77,300,75.0,B
STU10762,17,Female,3.3,69.0,74,81,88,82,325,81.25,A
STU10763,18,Female,3.4,93.3,69,88,76,91,324,81.0,A
STU10764,20,Male,2.7,98.0,70,79,81,86,316,79.0,B
STU10765,16,Female,4.7,91.8,78,75,71,78,302,75.5,B
STU10766,17,Male,3.7,94.7,68,81,73,90,312,78.0,B
STU10767,17,Female,3.0,78.6,79,77,83,86,325,81.25,A
STU10768,21,Female,2.6,75.6,65,53,44,73,235,58.75,D
STU10769,17,Male,3.2,74.2,57,65,63,66,251,62.75,C
STU10770,18,Male,6.5,88.4,100,100,88,100,388,97.0,A+
STU10771,20,Female,3.3,84.3,47,64,62,67,240,60.0,C
STU10772,20,Male,3.6,81.2,70,75,68,69,282,70.5,B
STU10773,16,Female,3.7,95.0,82,82,77,91,332,83.0,A
STU10774,21,Male,5.1,86.0,75,75,74,78,302,75.5,B
STU10775,16,Male,5.3,73.6,76,73,90,100,339,84.75,A
STU10776,17,Female,0.5,75.2,67,64,65,67,263,65.75,C
STU10777,16,Female,6.3,88.8,77,89,98,89,353,88.25,A
STU10778,18,Female,7.1,92.4,91,94,100,100,385,96.25,A+
STU10779,20,Male,2.6,87.5,79,84,90,91,344,86.0,A
STU10780,17,Female,2.7,100.0,67,78,84,71,300,75.0,B
STU10781,16,Female,3.7,98.4,81,79,82,81,323,80.75,A
STU10782,21,Female,3.1,86.4,94,94,100,99,387,96.75,A+
STU10783,18,Female,4.9,73.6,74,87,85,88,334,83.5,A
STU10784,18,Female,1.0,68.9,55,63,62,67,247,61.75,C
STU10785,16,Male,2.5,78.1,76,69,75,83,303,75.75,B
STU10786,20,Male,7.3,89.5,93,98,93,88,372,93.0,A+
STU10787,16,Female,2.8,100.0,78,74,67,68,287,71.75,B
STU10788,17,Male,6.7,86.2,93,79,95,100,367,91.75,A+
STU10789,16,Female,5.1,93.7,91,100,86,97,374,93.5,A+
STU10790,18,Male,1.2,79.5,45,51,49,51,196,49.0,F
STU10791,16,Female,5.6,88.2,68,72,87,88,315,78.75,B
STU10792,20,Female,4.3,90.2,98,85,93,91,367,91.75,A+
STU10793,21,Male,3.7,62.2,61,61,59,67,248,62.0,C
STU10794,19,Male,4.9,77.9,100,87,97,99,383,95.75,A+
STU10795,16,Male,5.4,91.5,96,98,96,100,390,97.5,A+
STU10796,20,Female,5.8,84.7,97,77,62,100,336,84.0,A
STU10797,20,Female,6.6,70.0,82,87,72,83,324,81.0,A
STU10798,21,Male,5.2,57.7,61,79,84,88,312,78.0,B
STU10799,18,Female,2.0,78.3,82,92,100,86,360,90.0,A+
STU10800,20,Male,3.6,81.3,87,89,94,97,367,91.75,A+
STU10801,20,Male,9.8,73.2,92,100,100,100,392,98.0,A+
STU10802,20,Female,5.8,83.4,75,77,74,85,311,77.75,B
STU10803,20,Male,8.8,87.1,88,93,97,100,378,94.5,A+
STU10804,17,Male,7.0,88.7,91,100,100,96,387,96.75,A+
STU10805,17,Male,4.9,58.4,64,65,67,74,270,67.5,C
STU10806,18,Male,5.0,68.9,69,72,78,78,297,74.25,B
STU10807,16,Male,4.4,79.0,100,84,87,95,366,91.5,A+
STU10808,20,Male,1.4,87.7,51,47,62,60,220,55.0,D
STU10809,21,Female,4.5,86.9,79,100,96,100,375,93.75,A+
STU10810,16,Male,6.7,86.7,87,99,100,100,386,96.5,A+
STU10811,21,Female,3.4,78.2,67,69,69,76,281,70.25,B
STU10812,16,Male,5.2,78.7,91,98,92,96,377,94.25,A+
STU10813,18,Male,6.0,74.7,81,68,83,79,311,77.75,B
STU10814,20,Female,2.9,89.7,75,85,69,74,303,75.75,B
STU10815,20,Female,3.7,72.8,60,65,63,67,255,63.75,C
STU10816,19,Male,2.7,90.5,81,83,60,74,298,74.5,B
STU10817,21,Female,3.0,84.1,69,65,78,67,279,69.75,C
STU10818,16,Female,2.2,81.5,71,81,69,85,306,76.5,B
STU10819,16,Female,2.9,75.4,76,59,80,77,292,73.0,B
STU10820,17,Female,7.1,68.4,87,76,84,93,340,85.0,A
STU10821,19,Male,2.9,75.5,47,56,83,61,247,61.75,C
STU10822,17,Male,4.7,78.7,81,67,86,78,312,78.0,B
STU10823,17,Female,3.6,58.3,67,75,57,82,281,70.25,B
STU10824,17,Male,6.6,80.0,87,87,95,96,365,91.25,A+
STU10825,21,Female,6.9,91.2,99,99,100,100,398,99.5,A+
STU10826,21,Male,6.1,87.7,68,74,73,84,299,74.75,B
STU10827,18,Male,5.1,77.0,72,67,57,63,259,64.75,C
STU10828,18,Female,4.1,82.5,78,56,73,71,278,69.5,C
STU10829,17,Male,2.4,76.4,49,64,76,80,269,67.25,C
STU10830,19,Female,8.0,83.5,92,82,80,100,354,88.5,A
STU10831,16,Female,3.1,97.4,67,69,65,75,276,69.0,C
STU10832,21,Female,5.7,91.7,87,93,95,100,375,93.75,A+
STU10833,19,Female,6.4,87.2,83,97,73,95,348,87.0,A
STU10834,20,Female,3.5,77.1,68,79,65,87,299,74.75,B
STU10835,21,Female,6.4,89.5,88,99,100,99,386,96.5,A+
STU10836,21,Female,5.9,65.1,67,66,79,84,296,74.0,B
STU10837,18,Male,7.6,79.5,77,88,84,93,342,85.5,A
STU10838,16,Male,3.7,87.8,74,80,70,93,317,79.25,B
STU10839,16,Male,2.2,89.4,61,70,60,69,260,65.0,C
STU10840,20,Male,3.6,88.7,58,60,68,55,241,60.25,C
STU10841,20,Female,4.9,84.9,80,72,99,91,342,85.5,A
STU10842,21,Female,4.6,80.0,84,91,100,100,375,93.75,A+
STU10843,17,Female,3.8,87.4,68,82,72,81,303,75.75,B
STU10844,18,Male,1.1,72.5,70,62,65,70,267,66.75,C
STU10845,18,Female,5.3,73.6,55,60,52,76,243,60.75,C
STU10846,21,Male,8.1,82.6,99,93,90,100,382,95.5,A+
STU10847,19,Female,5.3,83.7,78,96,86,93,353,88.25,A
STU10848,17,Female,5.6,63.7,61,68,65,84,278,69.5,C
STU10849,21,Male,5.5,86.6,87,95,100,89,371,92.75,A+
STU10850,17,Male,5.2,89.7,86,79,73,83,321,80.25,A
STU10851,17,Male,6.2,81.2,100,100,100,100,400,100.0,A+
STU10852,17,Female,5.2,100.0,68,78,53,65,264,66.0,C
STU10853,21,Female,3.9,75.2,97,82,88,87,354,88.5,A
STU10854,18,Female,3.1,78.4,54,69,58,70,251,62.75,C
STU10855,18,Male,4.1,78.0,54,53,72,73,252,63.0,C
STU10856,17,Male,5.1,81.2,67,71,75,86,299,74.75,B
STU10857,19,Female,3.9,78.7,63,74,66,72,275,68.75,C
STU10858,16,Female,5.1,67.9,79,77,69,87,312,78.0,B
STU10859,21,Male,5.3,76.5,97,100,87,96,380,95.0,A+
STU10860,16,Male,6.0,81.0,90,89,98,100,377,94.25,A+
STU10861,19,Female,6.8,94.3,80,89,88,84,341,85.25,A
STU10862,21,Male,4.6,100.0,79,94,89,100,362,90.5,A+
STU10863,17,Male,2.1,95.4,68,75,83,74,300,75.0,B
STU10864,18,Male,3.9,74.2,64,78,60,77,279,69.75,C
STU10865,16,Female,4.6,75.0,78,59,52,80,269,67.25,C
STU10866,20,Female,1.2,80.4,45,56,61,55,217,54.25,D
STU10867,20,Female,7.0,99.8,89,86,100,100,375,93.75,A+
STU10868,19,Female,4.8,80.3,79,59,84,87,309,77.25,B
STU10869,17,Female,5.2,68.7,65,60,59,77,261,65.25,C
STU10870,16,Male,7.0,77.0,75,91,87,97,350,87.5,A
STU10871,17,Female,3.4,89.6,88,75,87,79,329,82.25,A
STU10872,16,Male,5.5,88.9,87,89,78,95,349,87.25,A
STU10873,19,Female,4.3,80.0,92,86,89,98,365,91.25,A+
STU10874,19,Male,4.2,88.8,63,74,72,77,286,71.5,B
STU10875,20,Male,3.1,59.3,73,61,55,64,253,63.25,C
STU10876,17,Male,7.5,83.0,90,95,90,100,375,93.75,A+
STU10877,21,Male,3.8,90.6,72,73,85,74,304,76.0,B
STU10878,20,Male,5.8,73.7,76,76,83,85,320,80.0,A
STU10879,17,Male,1.1,73.6,47,48,52,38,185,46.25,F
STU10880,20,Female,6.6,63.3,79,77,87,83,326,81.5,A
STU10881,21,Male,6.4,97.9,78,73,90,78,319,79.75,B
STU10882,18,Female,4.7,74.8,66,70,74,78,288,72.0,B
STU10883,18,Female,4.1,84.4,65,68,73,61,267,66.75,C
STU10884,18,Female,5.2,88.0,67,68,74,83,292,73.0,B
STU10885,18,Female,8.6,97.1,100,100,100,100,400,100.0,A+
STU10886,16,Female,1.3,80.5,49,64,62,69,244,61.0,C
STU10887,18,Male,5.9,76.6,89,89,73,96,347,86.75,A
STU10888,21,Male,2.9,83.7,75,70,77,75,297,74.25,B
STU10889,19,Male,4.5,94.8,73,63,59,67,262,65.5,C
STU10890,19,Female,4.1,80.3,85,75,86,88,334,83.5,A
STU10891,16,Female,3.7,72.5,72,66,81,82,301,75.25,B
STU10892,18,Male,4.5,66.6,74,71,70,74,289,72.25,B
STU10893,18,Male,2.5,69.8,77,72,59,75,283,70.75,B
STU10894,18,Female,6.4,90.6,88,96,92,94,370,92.5,A+
STU10895,20,Male,1.3,78.8,61,67,66,73,267,66.75,C
STU10896,17,Female,5.5,75.9,64,75,75,71,285,71.25,B
STU10897,20,Female,3.9,74.8,61,85,77,80,303,75.75,B
STU10898,17,Female,2.4,82.9,83,79,100,79,341,85.25,A
STU10899,18,Female,4.9,79.6,97,95,88,94,374,93.5,A+
STU10900,18,Female,1.7,79.3,70,56,71,72,269,67.25,C
STU10901,20,Female,4.6,95.5,74,78,86,94,332,83.0,A
STU10902,20,Female,1.9,97.4,91,85,85,90,351,87.75,A
STU10903,17,Female,5.3,65.9,79,85,100,92,356,89.0,A
STU10904,19,Male,2.8,85.3,59,85,69,77,290,72.5,B
STU10905,17,Male,3.7,74.2,62,69,81,61,273,68.25,C
STU10906,20,Male,5.0,79.5,78,84,83,96,341,85.25,A
STU10907,21,Male,3.1,85.1,100,97,95,99,391,97.75,A+
STU10908,20,Female,4.4,79.9,63,57,59,76,255,63.75,C
STU10909,21,Female,1.8,84.3,75,60,73,68,276,69.0,C
STU10910,16,Male,5.6,88.7,73,75,74,81,303,75.75,B
STU10911,20,Male,7.7,84.9,99,89,94,94,376,94.0,A+
STU10912,16,Female,9.5,75.5,92,92,84,100,368,92.0,A+
STU10913,19,Male,4.7,75.7,66,81,77,82,306,76.5,B
STU10914,17,Male,5.9,67.6,62,64,60,74,260,65.0,C
STU10915,21,Female,1.3,73.5,81,54,79,69,283,70.75,B
STU10916,17,Female,7.2,100.0,99,100,100,100,399,99.75,A+
STU10917,16,Male,5.9,74.1,73,77,78,80,308,77.0,B
STU10918,21,Male,3.6,70.1,70,89,69,74,302,75.5,B
STU10919,17,Male,6.7,85.2,82,91,88,92,353,88.25,A
STU10920,20,Female,4.0,80.9,70,75,78,78,301,75.25,B
STU10921,18,Female,3.7,80.0,69,77,67,79,292,73.0,B
STU10922,16,Male,5.4,96.1,100,78,78,100,356,89.0,A
STU10923,17,Female,2.6,87.5,79,88,76,87,330,82.5,A
STU10924,16,Female,6.3,76.7,67,95,77,84,323,80.75,A
STU10925,16,Male,2.6,77.8,55,52,61,73,241,60.25,C
STU10926,21,Female,2.6,77.0,90,74,83,81,328,82.0,A
STU10927,21,Female,2.9,90.7,60,61,61,67,249,62.25,C
STU10928,18,Male,5.9,78.9,69,73,83,75,300,75.0,B
STU10929,20,Male,3.4,64.1,64,85,67,82,298,74.5,B
STU10930,16,Female,2.1,81.5,73,74,74,68,289,72.25,B
STU10931,17,Female,3.4,66.6,72,78,62,66,278,69.5,C
STU10932,19,Female,4.4,100.0,72,79,82,85,318,79.5,B
STU10933,16,Female,2.4,72.3,62,63,70,55,250,62.5,C
STU10934,16,Female,2.4,80.4,51,64,68,74,257,64.25,C
STU10935,18,Male,8.3,84.6,100,100,85,100,385,96.25,A+
STU10936,20,Female,3.0,79.1,62,58,66,71,257,64.25,C
STU10937,19,Male,3.9,79.1,69,78,65,84,296,74.0,B
STU10938,21,Male,3.8,86.2,66,60,67,76,269,67.25,C
STU10939,21,Female,3.7,97.3,63,65,74,59,261,65.25,C
STU10940,17,Female,5.6,89.7,87,87,84,99,357,89.25,A
STU10941,19,Male,6.2,96.8,67,86,95,93,341,85.25,A
STU10942,21,Female,3.9,71.5,72,72,72,73,289,72.25,B
STU10943,17,Male,2.3,85.2,55,65,76,51,247,61.75,C
STU10944,20,Male,6.8,83.6,84,76,84,92,336,84.0,A
STU10945,17,Male,4.3,85.5,79,72,99,82,332,83.0,A
STU10946,21,Female,7.6,95.8,100,100,100,100,400,100.0,A+
STU10947,18,Female,0.5,79.8,44,52,41,49,186,46.5,F
STU10948,18,Male,4.9,77.9,64,70,67,91,292,73.0,B
STU10949,18,Female,8.0,87.3,97,100,99,100,396,99.0,A+
STU10950,21,Male,3.9,64.2,51,63,62,75,251,62.75,C
STU10951,18,Female,4.1,79.6,89,88,96,88,361,90.25,A+
STU10952,19,Male,5.0,80.7,76,71,72,85,304,76.0,B
STU10953,20,Male,3.5,72.8,65,92,71,65,293,73.25,B
STU10954,17,Female,3.9,92.6,78,87,64,85,314,78.5,B
STU10955,17,Male,3.9,71.4,82,80,86,91,339,84.75,A
STU10956,21,Male,3.4,80.6,59,64,59,71,253,63.25,C
STU10957,18,Female,6.7,84.9,70,100,90,90,350,87.5,A
STU10958,18,Female,5.3,95.5,94,85,98,97,374,93.5,A+
STU10959,16,Male,5.0,81.9,65,71,67,79,282,70.5,B
STU10960,20,Male,6.0,91.4,94,87,96,100,377,94.25,A+
STU10961,19,Male,4.0,89.0,62,63,62,65,252,63.0,C
STU10962,17,Female,3.1,83.2,58,51,53,58,220,55.0,D
STU10963,16,Male,3.4,71.1,85,77,87,93,342,85.5,A
STU10964,16,Female,4.5,67.7,69,59,60,76,264,66.0,C
STU10965,21,Female,2.6,83.1,39,76,71,68,254,63.5,C
STU10966,17,Male,3.6,76.6,72,66,81,89,308,77.0,B
STU10967,21,Male,3.6,91.2,61,72,76,83,292,73.0,B
STU10968,19,Male,8.3,89.5,96,87,100,100,383,95.75,A+
STU10969,16,Male,0.5,80.2,60,47,56,62,225,56.25,D
STU10970,16,Female,4.2,70.4,78,71,91,86,326,81.5,A
STU10971,20,Male,7.6,87.1,100,97,100,100,397,99.25,A+
STU10972,19,Male,4.7,71.8,85,89,83,74,331,82.75,A
STU10973,16,Female,5.9,74.4,97,94,84,100,375,93.75,A+
STU10974,19,Male,4.7,72.2,86,92,76,91,345,86.25,A
STU10975,17,Female,3.3,80.6,69,66,75,74,284,71.0,B
STU10976,18,Male,0.5,93.7,83,79,60,77,299,74.75,B
STU10977,16,Female,4.9,81.9,78,77,85,95,335,83.75,A
STU10978,20,Female,3.1,77.6,65,62,58,71,256,64.0,C
STU10979,17,Female,3.1,66.7,56,57,64,74,251,62.75,C
STU10980,19,Female,3.6,87.5,91,87,74,91,343,85.75,A
STU10981,21,Male,7.6,74.2,91,94,95,99,379,94.75,A+
STU10982,17,Male,8.8,83.2,100,100,100,100,400,100.0,A+
STU10983,16,Female,4.9,78.5,83,89,91,94,357,89.25,A
STU10984,19,Female,3.7,90.4,81,95,86,87,349,87.25,A
STU10985,18,Male,2.4,80.4,63,62,63,62,250,62.5,C
STU10986,17,Male,5.3,81.4,71,87,86,85,329,82.25,A
STU10987,16,Male,7.7,86.9,95,91,98,82,366,91.5,A+
STU10988,20,Male,4.1,100.0,86,80,66,99,331,82.75,A
STU10989,21,Male,0.5,90.9,66,74,77,76,293,73.25,B
STU10990,19,Female,5.7,81.1,91,83,91,83,348,87.0,A
STU10991,17,Male,6.3,82.0,79,92,84,89,344,86.0,A
STU10992,17,Male,1.6,76.8,71,72,55,82,280,70.0,B
STU10993,18,Female,4.8,72.5,79,64,73,69,285,71.25,B
STU10994,18,Female,5.3,76.5,87,100,97,100,384,96.0,A+
STU10995,20,Female,4.4,74.3,56,53,56,61,226,56.5,D
STU10996,21,Female,3.1,88.5,100,90,88,92,370,92.5,A+
STU10997,20,Male,6.3,71.3,84,91,92,89,356,89.0,A
STU10998,16,Female,3.8,95.3,82,84,100,90,356,89.0,A
STU10999,16,Female,1.8,89.5,76,80,74,77,307,76.75,B
STU11000,20,Male,0.8,82.2,60,68,69,65,262,65.5,C
STU11001,21,Female,6.8,82.0,80,98,86,89,353,88.25,A
STU11002,20,Female,5.6,76.4,96,82,84,88,350,87.5,A
STU11003,21,Male,4.7,84.7,68,78,77,76,299,74.75,B
STU11004,21,Male,3.7,92.9,100,76,96,81,353,88.25,A
STU11005,19,Male,3.5,75.0,59,75,71,70,275,68.75,C
STU11006,21,Male,2.6,66.7,79,51,82,69,281,70.25,B
STU11007,18,Male,3.7,89.0,73,81,72,90,316,79.0,B
STU11008,21,Female,0.7,85.2,77,64,61,76,278,69.5,C
STU11009,21,Male,3.2,70.8,75,78,83,82,318,79.5,B
STU11010,21,Female,3.9,74.7,75,84,83,78,320,80.0,A
STU11011,16,Female,5.6,73.4,93,92,89,88,362,90.5,A+
STU11012,18,Female,4.4,74.8,66,91,35,79,271,67.75,C
STU11013,18,Female,5.9,78.8,87,87,92,100,366,91.5,A+
STU11014,20,Male,6.9,79.3,85,77,90,100,352,88.0,A
STU11015,19,Male,6.4,75.5,72,65,66,79,282,70.5,B
STU11016,21,Female,5.3,74.4,65,70,72,78,285,71.25,B
STU11017,17,Female,4.5,79.7,79,70,94,83,326,81.5,A
STU11018,19,Female,2.7,83.7,73,67,84,76,300,75.0,B
STU11019,19,Male,5.8,78.8,91,100,100,100,391,97.75,A+
STU11020,18,Female,7.5,93.6,87,77,86,91,341,85.25,A
STU11021,19,Male,5.1,87.1,79,74,79,89,321,80.25,A
STU11022,21,Female,8.0,66.1,74,77,87,92,330,82.5,A
STU11023,21,Female,1.8,87.2,69,62,65,65,261,65.25,C
STU11024,16,Male,2.4,88.1,78,91,86,93,348,87.0,A
STU11025,21,Female,6.0,77.7,70,68,62,85,285,71.25,B
STU11026,21,Male,5.0,67.0,80,75,76,81,312,78.0,B
STU11027,18,Male,6.9,82.1,100,95,98,93,386,96.5,A+
STU11028,21,Female,4.5,81.9,78,83,70,86,317,79.25,B
STU11029,16,Female,2.9,70.8,75,82,75,73,305,76.25,B
STU11030,17,Female,4.1,67.5,60,66,67,62,255,63.75,C
STU11031,18,Female,1.7,81.1,78,80,84,93,335,83.75,A
STU11032,17,Female,2.5,79.7,83,88,90,82,343,85.75,A
STU11033,18,Female,6.3,77.8,86,83,91,83,343,85.75,A
STU11034,20,Female,6.1,81.2,100,100,100,100,400,100.0,A+
STU11035,19,Male,5.2,71.0,83,62,64,82,291,72.75,B
STU11036,20,Female,1.4,77.7,63,73,61,70,267,66.75,C
STU11037,21,Male,3.9,87.3,75,90,95,100,360,90.0,A+
STU11038,17,Female,2.3,78.5,82,69,55,63,269,67.25,C
STU11039,21,Male,6.6,65.3,68,51,64,80,263,65.75,C
STU11040,19,Male,3.4,77.3,67,59,52,71,249,62.25,C
STU11041,18,Male,2.5,71.3,92,77,69,83,321,80.25,A
STU11042,19,Female,4.6,84.7,80,85,67,85,317,79.25,B
STU11043,16,Male,3.3,85.2,70,77,81,66,294,73.5,B
STU11044,19,Male,7.2,65.4,77,77,71,94,319,79.75,B
STU11045,16,Female,3.2,89.6,72,79,69,93,313,78.25,B
STU11046,19,Female,2.0,70.9,71,61,55,58,245,61.25,C
STU11047,16,Male,0.6,97.6,55,55,67,69,246,61.5,C
STU11048,17,Male,4.4,81.5,77,79,66,93,315,78.75,B
STU11049,21,Male,3.5,69.5,61,58,70,59,248,62.0,C
STU11050,21,Male,1.9,70.6,61,78,52,62,253,63.25,C
STU11051,20,Female,6.6,85.5,93,100,97,100,390,97.5,A+
STU11052,21,Female,5.7,78.1,94,93,83,92,362,90.5,A+
STU11053,18,Female,4.4,81.0,84,68,75,86,313,78.25,B
STU11054,19,Male,7.0,98.1,96,100,95,100,391,97.75,A+
STU11055,20,Female,5.7,75.0,74,79,85,90,328,82.0,A
STU11056,18,Female,3.0,82.6,94,96,88,95,373,93.25,A+
STU11057,18,Female,2.6,96.2,63,70,64,72,269,67.25,C
STU11058,16,Female,6.0,84.7,97,87,91,81,356,89.0,A
STU11059,21,Female,5.2,65.9,77,79,80,87,323,80.75,A
STU11060,17,Female,4.8,87.1,96,76,84,99,355,88.75,A
STU11061,17,Male,3.0,70.4,75,72,78,74,299,74.75,B
STU11062,20,Female,5.6,96.1,86,89,81,86,342,85.5,A
STU11063,17,Female,3.1,73.8,80,80,66,80,306,76.5,B
STU11064,19,Female,4.3,100.0,99,81,92,91,363,90.75,A+
STU11065,17,Male,7.1,96.7,85,74,79,71,309,77.25,B
STU11066,20,Female,3.3,74.0,63,47,65,58,233,58.25,D
STU11067,17,Female,1.7,82.2,64,72,67,67,270,67.5,C
STU11068,19,Male,2.6,89.5,63,75,61,76,275,68.75,C
STU11069,16,Male,6.3,89.8,79,83,87,82,331,82.75,A
STU11070,20,Female,5.0,86.4,80,90,86,92,348,87.0,A
STU11071,16,Female,4.3,94.5,82,91,89,81,343,85.75,A
STU11072,16,Female,3.6,80.8,74,66,72,85,297,74.25,B
STU11073,16,Male,5.4,78.3,56,64,74,78,272,68.0,C
STU11074,18,Female,3.0,78.5,69,78,74,71,292,73.0,B
STU11075,21,Male,5.1,90.6,64,69,69,61,263,65.75,C
STU11076,18,Male,3.2,85.7,71,64,60,69,264,66.0,C
STU11077,21,Male,2.9,84.9,74,69,61,88,292,73.0,B
STU11078,16,Male,3.4,90.0,67,89,84,81,321,80.25,A
STU11079,20,Male,3.8,61.5,50,60,61,59,230,57.5,D
STU11080,21,Male,4.4,85.1,86,86,75,84,331,82.75,A
STU11081,19,Male,4.9,84.2,71,64,76,74,285,71.25,B
STU11082,19,Male,0.5,98.7,61,64,49,61,235,58.75,D
STU11083,17,Female,3.0,66.7,68,63,100,78,309,77.25,B
STU11084,21,Female,3.8,97.6,95,82,100,100,377,94.25,A+
STU11085,20,Male,7.2,82.8,73,95,96,90,354,88.5,A
STU11086,18,Female,2.6,86.9,70,75,66,74,285,71.25,B
STU11087,16,Male,4.8,98.8,97,84,81,88,350,87.5,A
STU11088,17,Female,7.2,87.6,90,94,89,100,373,93.25,A+
STU11089,19,Male,2.1,86.0,66,86,74,73,299,74.75,B
STU11090,18,Male,5.2,84.4,100,100,98,100,398,99.5,A+
STU11091,18,Female,3.1,77.2,74,64,60,71,269,67.25,C
STU11092,16,Female,3.6,81.7,75,88,66,86,315,78.75,B
STU11093,21,Female,3.1,74.8,73,80,85,82,320,80.0,A
STU11094,19,Female,3.2,81.6,82,80,82,78,322,80.5,A
STU11095,20,Female,9.4,58.6,68,82,82,80,312,78.0,B
STU11096,18,Male,6.0,86.3,80,80,90,89,339,84.75,A
STU11097,16,Male,6.5,80.8,95,97,100,98,390,97.5,A+
STU11098,20,Male,5.4,78.6,96,95,100,100,391,97.75,A+
STU11099,21,Male,1.6,84.2,65,73,80,72,290,72.5,B
STU11100,19,Female,5.2,67.7,73,74,65,80,292,73.0,B
STU11101,21,Female,6.4,100.0,83,90,87,81,341,85.25,A
STU11102,18,Male,3.0,81.0,78,95,90,97,360,90.0,A+
STU11103,20,Female,6.2,80.5,92,94,81,100,367,91.75,A+
STU11104,20,Female,5.8,72.3,70,77,63,89,299,74.75,B
STU11105,20,Male,7.8,82.2,94,90,95,95,374,93.5,A+
STU11106,18,Male,3.7,95.9,85,85,87,90,347,86.75,A
STU11107,18,Male,2.5,92.4,72,69,69,84,294,73.5,B
STU11108,21,Male,3.8,90.5,73,54,79,75,281,70.25,B
STU11109,17,Male,7.1,87.5,79,94,89,94,356,89.0,A
STU11110,21,Female,1.2,78.4,58,54,60,57,229,57.25,D
STU11111,19,Male,0.8,67.5,60,66,76,75,277,69.25,C
STU11112,16,Male,4.7,80.0,77,83,75,76,311,77.75,B
STU11113,20,Female,3.7,79.6,75,72,92,87,326,81.5,A
STU11114,17,Female,4.5,92.5,84,87,84,100,355,88.75,A
STU11115,16,Female,6.2,85.1,93,82,100,100,375,93.75,A+
STU11116,17,Male,3.5,98.1,72,81,71,91,315,78.75,B
STU11117,21,Male,1.1,94.0,56,57,69,56,238,59.5,D
STU11118,18,Female,8.2,77.4,71,87,89,100,347,86.75,A
STU11119,20,Male,2.7,64.0,68,77,73,81,299,74.75,B
STU11120,21,Male,2.6,95.9,85,68,100,87,340,85.0,A
STU11121,16,Female,6.5,95.6,94,81,83,86,344,86.0,A
STU11122,16,Female,3.8,68.3,73,64,87,81,305,76.25,B
STU11123,16,Male,4.4,97.1,88,96,91,100,375,93.75,A+
STU11124,16,Female,5.4,85.8,68,67,80,72,287,71.75,B
STU11125,16,Male,6.5,83.6,89,91,96,100,376,94.0,A+
STU11126,17,Male,3.9,98.1,75,74,86,88,323,80.75,A
STU11127,21,Male,7.2,95.4,100,92,100,100,392,98.0,A+
STU11128,20,Male,0.7,88.5,74,61,67,78,280,70.0,B
STU11129,18,Male,5.9,86.7,81,94,100,81,356,89.0,A
STU11130,18,Female,3.0,88.2,71,64,87,81,303,75.75,B
STU11131,21,Female,7.0,78.0,84,81,83,91,339,84.75,A
STU11132,21,Female,4.8,81.4,50,68,63,66,247,61.75,C
STU11133,18,Male,3.3,73.0,67,57,64,74,262,65.5,C
STU11134,18,Male,5.7,78.7,87,88,78,88,341,85.25,A
STU11135,17,Male,6.1,78.3,66,70,91,88,315,78.75,B
STU11136,19,Male,5.7,75.6,100,100,98,95,393,98.25,A+
STU11137,20,Male,2.6,83.4,66,72,80,88,306,76.5,B
STU11138,16,Female,3.6,78.8,87,67,93,79,326,81.5,A
STU11139,19,Female,4.5,87.0,83,71,75,94,323,80.75,A
STU11140,21,Female,4.4,65.8,65,78,67,87,297,74.25,B
STU11141,18,Male,5.8,80.9,72,73,73,77,295,73.75,B
STU11142,19,Female,0.9,83.3,59,76,73,69,277,69.25,C
STU11143,20,Male,5.1,78.9,62,86,88,91,327,81.75,A
STU11144,21,Male,4.0,80.3,71,75,69,76,291,72.75,B
STU11145,16,Male,3.0,66.1,75,77,78,85,315,78.75,B
STU11146,16,Female,3.2,85.6,72,66,45,68,251,62.75,C
STU11147,20,Female,4.1,88.5,76,90,69,81,316,79.0,B
STU11148,20,Male,0.5,86.9,65,70,72,64,271,67.75,C
STU11149,18,Female,3.2,92.4,60,81,77,68,286,71.5,B
STU11150,16,Female,2.9,84.0,65,76,62,85,288,72.0,B
STU11151,21,Male,5.5,86.8,80,87,86,98,351,87.75,A
STU11152,19,Male,3.1,83.6,60,63,71,65,259,64.75,C
STU11153,21,Male,4.1,88.9,83,90,98,89,360,90.0,A+
STU11154,17,Female,7.3,66.2,73,73,86,86,318,79.5,B
STU11155,17,Male,6.3,73.1,87,91,94,100,372,93.0,A+
STU11156,20,Female,6.1,97.9,91,93,93,93,370,92.5,A+
STU11157,18,Male,3.6,57.4,67,48,52,72,239,59.75,D
STU11158,17,Female,5.5,80.6,70,83,76,82,311,77.75,B
STU11159,16,Male,4.1,93.7,52,62,80,56,250,62.5,C
STU11160,21,Female,4.1,81.1,73,60,81,72,286,71.5,B
STU11161,21,Female,5.2,77.9,89,91,90,93,363,90.75,A+
STU11162,20,Female,3.4,83.3,74,67,77,78,296,74.0,B
STU11163,19,Female,7.2,78.5,100,100,93,97,390,97.5,A+
STU11164,20,Male,4.2,82.3,74,78,70,73,295,73.75,B
STU11165,19,Female,5.6,75.2,85,93,88,89,355,88.75,A
STU11166,20,Male,7.1,93.1,100,85,88,91,364,91.0,A+
STU11167,20,Male,6.4,96.2,72,79,91,86,328,82.0,A
STU11168,20,Female,2.0,80.7,61,62,75,69,267,66.75,C
STU11169,19,Male,5.3,68.1,78,67,77,80,302,75.5,B
STU11170,19,Female,6.0,76.8,70,70,63,88,291,72.75,B
STU11171,20,Female,6.1,80.2,87,81,76,95,339,84.75,A
STU11172,17,Male,2.5,87.1,72,66,66,84,288,72.0,B
STU11173,18,Female,3.3,71.9,89,72,83,82,326,81.5,A
STU11174,18,Male,6.3,74.3,83,90,76,92,341,85.25,A
STU11175,18,Male,3.1,87.1,92,80,84,92,348,87.0,A
STU11176,19,Male,4.0,91.4,91,76,96,89,352,88.0,A
STU11177,19,Female,7.3,75.8,81,96,97,100,374,93.5,A+
STU11178,17,Female,4.4,68.7,67,76,62,64,269,67.25,C
STU11179,18,Female,3.2,100.0,77,85,74,87,323,80.75,A
STU11180,18,Female,2.9,89.8,73,73,86,81,313,78.25,B
STU11181,20,Male,5.1,79.3,77,91,95,95,358,89.5,A
STU11182,19,Male,2.1,90.7,68,86,75,77,306,76.5,B
STU11183,18,Female,4.1,80.8,90,78,82,94,344,86.0,A
STU11184,21,Female,5.1,90.7,79,80,76,85,320,80.0,A
STU11185,17,Male,6.8,83.6,83,75,84,91,333,83.25,A
STU11186,21,Male,5.7,82.9,91,98,94,95,378,94.5,A+
STU11187,21,Female,3.2,80.9,87,78,92,88,345,86.25,A
STU11188,17,Female,6.6,67.5,82,97,72,93,344,86.0,A
STU11189,21,Male,4.0,100.0,74,92,71,91,328,82.0,A
STU11190,18,Male,2.3,72.6,74,71,83,86,314,78.5,B
STU11191,19,Female,4.2,68.4,66,59,66,66,257,64.25,C
STU11192,17,Female,7.1,79.9,100,100,93,100,393,98.25,A+
STU11193,20,Male,4.8,72.4,74,68,78,76,296,74.0,B
STU11194,21,Female,4.5,81.5,52,60,66,61,239,59.75,D
STU11195,17,Male,7.4,88.9,87,80,100,96,363,90.75,A+
STU11196,16,Male,1.9,92.0,69,80,82,90,321,80.25,A
STU11197,16,Female,2.2,90.1,79,67,85,83,314,78.5,B
STU11198,19,Female,1.6,78.9,68,75,60,68,271,67.75,C
STU11199,18,Male,5.2,82.5,83,88,93,83,347,86.75,A
STU11200,19,Female,4.8,86.1,68,84,88,82,322,80.5,A
STU11201,19,Female,7.3,64.4,81,75,86,75,317,79.25,B
STU11202,19,Female,4.9,87.7,54,57,73,58,242,60.5,C
STU11203,19,Female,3.8,67.4,77,74,73,64,288,72.0,B
STU11204,20,Female,4.5,100.0,93,99,85,97,374,93.5,A+
STU11205,20,Female,4.7,78.0,78,76,77,88,319,79.75,B
STU11206,17,Male,1.5,80.2,67,71,57,77,272,68.0,C
STU11207,16,Male,9.4,74.3,100,100,100,100,400,100.0,A+
STU11208,19,Male,5.4,75.7,91,94,87,81,353,88.25,A
STU11209,17,Female,4.9,100.0,83,90,84,86,343,85.75,A
STU11210,16,Female,5.6,91.4,69,83,78,85,315,78.75,B
STU11211,21,Male,5.8,66.5,91,83,90,100,364,91.0,A+
STU11212,18,Male,4.2,97.0,85,86,72,95,338,84.5,A
STU11213,20,Female,3.4,93.9,74,68,71,72,285,71.25,B
STU11214,21,Male,5.6,79.2,67,71,76,81,295,73.75,B
STU11215,16,Female,5.2,85.1,87,81,85,93,346,86.5,A
STU11216,21,Male,3.0,81.9,62,56,60,68,246,61.5,C
STU11217,18,Female,7.1,100.0,100,100,100,100,400,100.0,A+
STU11218,16,Female,5.0,74.0,45,63,66,70,244,61.0,C
STU11219,21,Male,5.8,83.5,98,91,84,100,373,93.25,A+
STU11220,20,Male,7.0,77.7,87,88,91,94,360,90.0,A+
STU11221,20,Male,4.5,67.7,72,87,87,76,322,80.5,A
STU11222,17,Female,5.1,100.0,97,82,83,88,350,87.5,A
STU11223,21,Female,6.0,70.2,94,95,95,93,377,94.25,A+
STU11224,19,Male,3.2,84.2,83,78,88,82,331,82.75,A
STU11225,21,Female,4.6,64.6,70,57,75,71,273,68.25,C
STU11226,16,Female,4.7,78.0,55,68,72,72,267,66.75,C
STU11227,16,Male,2.8,86.2,59,69,72,81,281,70.25,B
STU11228,21,Male,8.7,73.8,98,93,99,100,390,97.5,A+
STU11229,18,Female,2.0,87.9,48,60,70,51,229,57.25,D
STU11230,20,Female,2.2,79.3,54,81,68,63,266,66.5,C
STU11231,16,Female,6.9,93.6,93,77,84,90,344,86.0,A
STU11232,20,Female,5.8,95.6,79,93,98,98,368,92.0,A+
STU11233,16,Female,2.7,76.1,68,81,92,82,323,80.75,A
STU11234,17,Male,5.6,82.8,100,90,100,100,390,97.5,A+
STU11235,19,Female,7.1,83.8,84,100,95,100,379,94.75,A+
STU11236,16,Female,4.4,88.2,64,85,72,88,309,77.25,B
STU11237,20,Female,9.2,82.1,96,95,93,100,384,96.0,A+
STU11238,17,Male,1.4,83.9,63,68,68,73,272,68.0,C
STU11239,16,Male,5.7,79.6,64,74,64,81,283,70.75,B
STU11240,18,Male,6.6,83.2,81,94,87,100,362,90.5,A+
STU11241,19,Male,6.1,95.0,100,100,100,99,399,99.75,A+
STU11242,16,Male,4.1,88.5,79,79,82,77,317,79.25,B
STU11243,17,Female,4.0,89.0,68,69,51,69,257,64.25,C
STU11244,18,Female,5.3,89.2,82,77,97,90,346,86.5,A
STU11245,21,Male,6.0,80.5,75,75,66,80,296,74.0,B
STU11246,17,Female,5.6,85.2,96,87,84,98,365,91.25,A+
STU11247,17,Male,6.4,71.1,79,78,78,81,316,79.0,B
STU11248,18,Male,2.7,94.7,73,69,68,80,290,72.5,B
STU11249,17,Male,4.1,54.2,70,68,60,71,269,67.25,C
STU11250,18,Female,2.8,81.1,79,72,63,72,286,71.5,B
STU11251,16,Male,3.8,93.4,91,69,59,89,308,77.0,B
STU11252,18,Male,6.3,68.4,75,69,77,76,297,74.25,B
STU11253,18,Male,4.7,86.0,76,74,72,73,295,73.75,B
STU11254,19,Female,9.2,75.2,85,100,100,100,385,96.25,A+
STU11255,18,Male,4.8,78.3,85,81,80,76,322,80.5,A
STU11256,18,Female,4.6,91.5,76,92,79,76,323,80.75,A
STU11257,21,Female,4.7,84.0,79,85,73,80,317,79.25,B
STU11258,16,Female,3.4,61.7,72,67,70,74,283,70.75,B
STU11259,19,Female,4.4,72.2,63,66,70,69,268,67.0,C
STU11260,21,Male,6.5,91.8,76,87,73,83,319,79.75,B
STU11261,20,Male,4.7,86.5,85,95,77,77,334,83.5,A
STU11262,16,Female,3.1,99.5,76,83,96,77,332,83.0,A
STU11263,16,Male,2.8,98.8,61,73,68,75,277,69.25,C
STU11264,20,Female,3.7,78.6,82,76,57,75,290,72.5,B
STU11265,18,Female,4.6,100.0,100,100,100,100,400,100.0,A+
STU11266,21,Female,6.6,82.2,84,80,75,75,314,78.5,B
STU11267,17,Female,2.1,72.4,64,66,46,51,227,56.75,D
STU11268,19,Female,3.9,75.7,78,91,93,78,340,85.0,A
STU11269,17,Female,4.8,59.4,76,70,65,76,287,71.75,B
STU11270,20,Male,1.2,98.1,55,52,67,67,241,60.25,C
STU11271,16,Female,3.0,97.9,84,90,100,88,362,90.5,A+
STU11272,16,Male,3.3,71.8,69,72,70,72,283,70.75,B
STU11273,19,Male,3.1,79.7,56,63,78,63,260,65.0,C
STU11274,16,Female,4.8,83.0,74,73,72,75,294,73.5,B
STU11275,16,Male,4.2,72.4,83,73,57,76,289,72.25,B
STU11276,19,Male,3.5,64.4,61,49,78,64,252,63.0,C
STU11277,21,Male,5.3,79.9,77,82,83,84,326,81.5,A
STU11278,21,Female,7.6,78.8,94,88,88,81,351,87.75,A
STU11279,19,Female,7.5,78.1,86,93,100,92,371,92.75,A+
STU11280,20,Female,1.0,84.2,65,64,63,70,262,65.5,C
STU11281,16,Male,5.5,96.3,99,84,100,100,383,95.75,A+
STU11282,16,Female,4.2,79.0,81,89,91,89,350,87.5,A
STU11283,20,Female,4.8,83.7,70,85,67,90,312,78.0,B
STU11284,21,Male,3.8,89.3,64,77,94,83,318,79.5,B
STU11285,18,Male,4.7,87.5,77,88,96,98,359,89.75,A
STU11286,18,Male,4.8,75.9,72,91,71,87,321,80.25,A
STU11287,18,Female,3.5,83.0,70,72,73,76,291,72.75,B
STU11288,21,Female,2.9,87.5,59,62,64,74,259,64.75,C
STU11289,21,Female,3.7,70.7,89,83,88,77,337,84.25,A
STU11290,20,Male,4.9,94.6,61,64,59,73,257,64.25,C
STU11291,16,Female,5.6,96.3,93,75,100,83,351,87.75,A
STU11292,20,Female,6.0,74.8,62,67,61,74,264,66.0,C
STU11293,20,Female,3.6,83.9,69,61,71,71,272,68.0,C
STU11294,21,Female,5.0,88.4,79,73,87,87,326,81.5,A
STU11295,18,Male,6.2,76.5,76,88,92,100,356,89.0,A
STU11296,17,Male,6.6,86.8,92,90,94,100,376,94.0,A+
STU11297,16,Female,4.4,83.6,71,83,70,74,298,74.5,B
STU11298,21,Female,4.1,67.3,69,90,72,89,320,80.0,A
STU11299,18,Female,4.8,86.6,90,100,91,91,372,93.0,A+
STU11300,17,Male,2.4,71.0,76,72,65,69,282,70.5,B
STU11301,17,Female,4.2,91.4,48,71,65,78,262,65.5,C
STU11302,21,Male,5.8,75.3,75,70,77,100,322,80.5,A
STU11303,19,Male,5.7,80.4,72,80,87,93,332,83.0,A
STU11304,16,Female,4.0,95.7,69,85,64,80,298,74.5,B
STU11305,17,Female,4.9,87.0,81,81,83,87,332,83.0,A
STU11306,21,Male,3.0,71.2,66,81,79,76,302,75.5,B
STU11307,21,Male,5.8,71.9,88,84,87,90,349,87.25,A
STU11308,18,Male,4.4,76.0,88,59,71,92,310,77.5,B
STU11309,19,Male,4.0,85.9,100,87,83,87,357,89.25,A
STU11310,16,Female,3.8,85.6,68,83,79,88,318,79.5,B
STU11311,20,Female,4.4,73.6,63,76,86,74,299,74.75,B
STU11312,18,Male,3.7,70.3,71,77,63,81,292,73.0,B
STU11313,17,Female,5.7,84.8,89,67,76,80,312,78.0,B
STU11314,17,Female,3.8,80.2,90,75,81,95,341,85.25,A
STU11315,18,Female,7.4,100.0,89,80,75,81,325,81.25,A
STU11316,21,Male,7.1,82.4,93,99,100,100,392,98.0,A+
STU11317,17,Female,2.9,100.0,66,81,77,70,294,73.5,B
STU11318,19,Male,4.6,70.3,69,73,78,81,301,75.25,B
STU11319,16,Male,3.3,66.3,67,62,71,80,280,70.0,B
STU11320,19,Male,3.9,70.8,64,62,50,62,238,59.5,D
STU11321,17,Female,8.1,93.9,96,94,96,100,386,96.5,A+
STU11322,20,Male,3.9,99.6,80,60,76,84,300,75.0,B
STU11323,16,Male,5.1,74.2,79,76,78,77,310,77.5,B
STU11324,16,Male,5.5,77.4,75,72,65,75,287,71.75,B
STU11325,18,Female,2.7,70.3,84,75,79,78,316,79.0,B
STU11326,18,Female,3.0,63.9,66,84,72,78,300,75.0,B
STU11327,20,Male,2.3,89.2,55,46,59,52,212,53.0,D
STU11328,21,Female,2.9,84.2,75,79,74,86,314,78.5,B
STU11329,16,Female,0.5,82.1,68,72,65,74,279,69.75,C
STU11330,20,Female,5.5,68.0,81,90,71,79,321,80.25,A
STU11331,18,Male,8.2,98.4,95,85,100,98,378,94.5,A+
STU11332,18,Female,4.8,77.0,71,65,75,75,286,71.5,B
STU11333,16,Female,2.0,87.3,70,65,65,72,272,68.0,C
STU11334,19,Female,3.3,67.5,68,63,61,67,259,64.75,C
STU11335,17,Male,3.7,80.1,64,85,52,60,261,65.25,C
STU11336,18,Female,2.7,84.9,64,73,67,75,279,69.75,C
STU11337,21,Female,6.0,85.3,78,73,71,84,306,76.5,B
STU11338,21,Female,6.0,83.5,83,82,86,84,335,83.75,A
STU11339,18,Male,2.4,86.9,54,52,59,63,228,57.0,D
STU11340,19,Male,5.8,70.7,80,86,77,83,326,81.5,A
STU11341,19,Female,7.2,84.0,88,84,73,100,345,86.25,A
STU11342,20,Female,7.9,83.1,98,94,96,100,388,97.0,A+
STU11343,21,Male,9.7,84.3,100,100,100,100,400,100.0,A+
STU11344,20,Female,2.9,82.7,84,86,96,88,354,88.5,A
STU11345,21,Male,9.6,69.3,82,63,78,84,307,76.75,B
STU11346,17,Female,3.9,68.8,73,71,70,74,288,72.0,B
STU11347,17,Female,3.4,59.9,69,59,64,77,269,67.25,C
STU11348,16,Female,5.1,90.2,81,85,89,100,355,88.75,A
STU11349,20,Female,3.5,90.3,54,72,57,65,248,62.0,C
STU11350,18,Male,5.2,90.4,70,88,67,83,308,77.0,B
STU11351,20,Female,2.1,85.1,82,58,71,82,293,73.25,B
STU11352,18,Male,4.1,60.7,72,71,76,85,304,76.0,B
STU11353,19,Female,6.8,71.7,100,90,73,90,353,88.25,A
STU11354,20,Female,4.4,83.7,80,71,78,91,320,80.0,A
STU11355,19,Female,4.8,83.4,79,88,98,91,356,89.0,A
STU11356,17,Male,5.4,79.8,81,83,87,94,345,86.25,A
STU11357,17,Female,6.6,85.7,87,90,100,100,377,94.25,A+
STU11358,16,Male,1.5,82.1,64,64,67,68,263,65.75,C
STU11359,20,Male,5.6,83.2,56,68,62,67,253,63.25,C
STU11360,19,Female,4.0,75.6,89,92,95,97,373,93.25,A+
STU11361,18,Male,4.8,91.8,71,65,70,71,277,69.25,C
STU11362,17,Female,6.4,77.7,92,72,76,70,310,77.5,B
STU11363,17,Male,2.4,68.7,59,60,54,57,230,57.5,D
STU11364,18,Male,2.7,74.3,70,75,84,82,311,77.75,B
STU11365,19,Female,1.0,78.5,32,39,59,46,176,44.0,F
STU11366,19,Female,3.5,91.9,83,83,65,73,304,76.0,B
STU11367,20,Male,6.9,81.6,99,91,100,100,390,97.5,A+
STU11368,20,Female,4.3,80.1,77,76,82,89,324,81.0,A
STU11369,21,Female,2.1,69.5,51,61,57,56,225,56.25,D
STU11370,21,Female,3.6,89.9,80,71,77,75,303,75.75,B
STU11371,16,Male,1.8,75.5,61,65,51,56,233,58.25,D
STU11372,17,Female,2.5,81.0,70,66,67,66,269,67.25,C
STU11373,20,Female,5.2,96.8,70,81,65,72,288,72.0,B
STU11374,19,Female,2.4,87.1,49,56,68,67,240,60.0,C
STU11375,18,Male,6.5,65.7,78,86,100,96,360,90.0,A+
STU11376,19,Female,4.4,64.3,77,69,69,71,286,71.5,B
STU11377,17,Female,4.7,81.4,96,74,82,88,340,85.0,A
STU11378,21,Female,4.0,69.9,70,68,74,74,286,71.5,B
STU11379,19,Male,5.9,88.5,100,87,100,100,387,96.75,A+
STU11380,16,Female,5.9,82.4,96,100,95,84,375,93.75,A+
STU11381,17,Female,5.1,83.7,56,63,75,77,271,67.75,C
STU11382,21,Male,5.5,74.9,74,64,70,69,277,69.25,C
STU11383,18,Male,4.1,99.4,84,80,84,83,331,82.75,A
STU11384,21,Female,5.5,100.0,69,87,61,89,306,76.5,B
STU11385,16,Male,3.9,79.2,73,66,76,72,287,71.75,B
STU11386,17,Female,4.5,85.5,93,85,77,83,338,84.5,A
STU11387,18,Female,4.0,83.0,94,99,90,100,383,95.75,A+
STU11388,16,Female,3.7,79.4,74,80,82,73,309,77.25,B
STU11389,21,Male,3.3,73.7,69,75,60,69,273,68.25,C
STU11390,16,Male,5.3,71.2,82,77,95,100,354,88.5,A
STU11391,17,Female,6.9,70.6,61,90,70,79,300,75.0,B
STU11392,20,Male,6.6,86.1,82,95,100,88,365,91.25,A+
STU11393,16,Female,2.2,76.8,71,78,68,78,295,73.75,B
STU11394,16,Male,6.8,56.2,75,67,62,81,285,71.25,B
STU11395,21,Male,3.9,86.4,62,73,68,62,265,66.25,C
STU11396,21,Male,5.6,81.6,74,77,87,83,321,80.25,A
STU11397,18,Female,2.9,95.5,79,73,81,79,312,78.0,B
STU11398,21,Female,4.8,85.7,74,61,65,86,286,71.5,B
STU11399,19,Male,5.1,67.2,88,84,81,98,351,87.75,A
STU11400,17,Male,1.8,59.7,59,60,55,59,233,58.25,D
STU11401,17,Male,5.6,74.8,67,78,76,73,294,73.5,B
STU11402,20,Female,6.9,75.7,85,90,90,100,365,91.25,A+
STU11403,20,Male,4.2,91.4,92,91,100,97,380,95.0,A+
STU11404,17,Female,6.9,81.9,83,88,86,100,357,89.25,A
STU11405,20,Female,4.2,93.3,74,81,70,90,315,78.75,B
STU11406,18,Female,6.0,68.8,71,76,84,71,302,75.5,B
STU11407,21,Male,0.5,91.7,65,81,78,85,309,77.25,B
STU11408,17,Female,8.9,89.2,100,100,100,100,400,100.0,A+
STU11409,20,Male,7.2,61.8,89,100,99,98,386,96.5,A+
STU11410,17,Male,4.0,95.2,64,81,93,90,328,82.0,A
STU11411,19,Female,1.0,82.9,73,63,71,74,281,70.25,B
STU11412,16,Female,5.0,85.9,72,74,84,74,304,76.0,B
STU11413,21,Male,1.9,73.4,68,61,66,62,257,64.25,C
STU11414,17,Male,5.3,94.8,96,95,91,90,372,93.0,A+
STU11415,16,Female,5.2,70.1,94,99,89,97,379,94.75,A+
STU11416,20,Male,2.8,90.3,71,70,70,76,287,71.75,B
STU11417,16,Female,6.5,90.2,89,81,86,87,343,85.75,A
STU11418,21,Female,6.0,72.3,77,89,86,86,338,84.5,A
STU11419,17,Male,6.3,100.0,73,66,87,96,322,80.5,A
STU11420,19,Male,4.5,84.3,88,96,85,91,360,90.0,A+
STU11421,20,Male,2.0,88.5,76,76,91,77,320,80.0,A
STU11422,17,Female,6.3,66.7,77,83,89,85,334,83.5,A
STU11423,21,Female,4.0,100.0,82,78,80,80,320,80.0,A
STU11424,20,Male,2.0,69.8,52,71,68,79,270,67.5,C
STU11425,18,Female,6.9,92.2,84,88,88,85,345,86.25,A
STU11426,16,Female,8.3,72.1,100,93,98,96,387,96.75,A+
STU11427,21,Male,4.4,75.8,83,96,99,90,368,92.0,A+
STU11428,18,Female,8.4,89.9,74,84,76,83,317,79.25,B
STU11429,17,Male,4.7,92.3,84,81,83,93,341,85.25,A
STU11430,19,Male,3.8,69.3,44,64,70,73,251,62.75,C
STU11431,20,Male,3.4,92.9,90,90,83,84,347,86.75,A
STU11432,16,Male,7.4,92.4,86,84,91,95,356,89.0,A
STU11433,20,Male,3.1,72.6,57,65,56,64,242,60.5,C
STU11434,17,Male,5.8,98.0,90,92,81,98,361,90.25,A+
STU11435,20,Female,3.5,67.4,72,71,75,68,286,71.5,B
STU11436,16,Female,3.7,75.8,68,63,75,66,272,68.0,C
STU11437,17,Female,6.4,86.8,76,60,78,80,294,73.5,B
STU11438,20,Male,3.8,73.5,61,67,60,80,268,67.0,C
STU11439,19,Male,3.8,84.6,69,71,68,74,282,70.5,B
STU11440,21,Male,6.5,84.4,81,78,73,76,308,77.0,B
STU11441,17,Female,7.4,80.1,91,81,70,96,338,84.5,A
STU11442,21,Female,5.7,90.3,84,84,78,81,327,81.75,A
STU11443,17,Male,3.3,79.7,75,73,81,92,321,80.25,A
STU11444,19,Male,3.6,84.3,93,78,97,93,361,90.25,A+
STU11445,21,Female,4.6,93.5,89,96,95,80,360,90.0,A+
STU11446,18,Male,5.1,89.9,87,76,90,85,338,84.5,A
STU11447,16,Male,2.7,89.9,82,95,97,91,365,91.25,A+
STU11448,18,Female,5.8,70.5,69,65,61,79,274,68.5,C
STU11449,20,Female,4.7,87.2,97,91,100,98,386,96.5,A+
STU11450,19,Male,1.4,73.2,59,65,82,75,281,70.25,B
STU11451,18,Male,2.8,69.2,70,65,72,77,284,71.0,B
STU11452,17,Female,3.6,81.3,81,88,91,88,348,87.0,A
STU11453,20,Male,4.4,73.0,70,80,83,82,315,78.75,B
STU11454,20,Male,7.9,89.9,95,98,100,87,380,95.0,A+
STU11455,18,Male,4.9,90.1,92,90,90,96,368,92.0,A+
STU11456,18,Male,3.0,63.0,69,91,70,76,306,76.5,B
STU11457,19,Male,4.9,73.7,89,88,83,82,342,85.5,A
STU11458,16,Female,3.9,67.4,69,76,80,91,316,79.0,B
STU11459,18,Male,5.1,77.4,66,64,59,81,270,67.5,C
STU11460,18,Male,5.5,86.6,79,81,62,91,313,78.25,B
STU11461,21,Female,6.7,79.6,96,98,100,99,393,98.25,A+
STU11462,17,Female,4.5,76.1,90,84,88,94,356,89.0,A
STU11463,21,Female,7.5,95.0,86,92,92,92,362,90.5,A+
STU11464,21,Female,6.1,59.0,83,75,71,86,315,78.75,B
STU11465,20,Male,3.2,94.4,75,66,53,64,258,64.5,C
STU11466,16,Female,8.5,76.6,91,100,97,100,388,97.0,A+
STU11467,17,Male,5.1,81.2,75,66,78,75,294,73.5,B
STU11468,19,Female,3.0,76.7,81,81,73,87,322,80.5,A
STU11469,19,Female,7.5,97.4,84,74,94,93,345,86.25,A
STU11470,18,Female,8.2,69.7,100,99,92,100,391,97.75,A+
STU11471,18,Female,4.4,82.1,94,92,77,88,351,87.75,A
STU11472,19,Male,3.6,87.3,71,74,76,81,302,75.5,B
STU11473,18,Female,4.2,65.9,75,82,76,77,310,77.5,B
STU11474,16,Female,5.8,72.8,82,70,74,88,314,78.5,B
STU11475,21,Female,6.8,80.5,98,100,89,89,376,94.0,A+
STU11476,18,Male,5.5,73.1,59,87,72,84,302,75.5,B
STU11477,20,Female,4.7,73.8,62,57,66,65,250,62.5,C
STU11478,18,Male,7.2,78.5,77,77,85,80,319,79.75,B
STU11479,17,Male,3.9,88.5,75,82,77,73,307,76.75,B
STU11480,16,Male,6.4,78.6,93,100,92,99,384,96.0,A+
STU11481,17,Male,4.0,92.8,84,77,85,90,336,84.0,A
STU11482,17,Female,5.3,72.0,84,84,100,95,363,90.75,A+
STU11483,20,Male,4.3,69.5,91,86,76,93,346,86.5,A
STU11484,16,Female,4.4,100.0,89,63,94,79,325,81.25,A
STU11485,16,Male,3.8,75.4,65,72,73,74,284,71.0,B
STU11486,16,Male,6.9,68.9,70,89,81,87,327,81.75,A
STU11487,16,Male,3.2,64.6,61,52,71,68,252,63.0,C
STU11488,16,Male,3.2,92.8,59,62,45,70,236,59.0,D
STU11489,20,Male,8.3,78.6,100,89,100,100,389,97.25,A+
STU11490,18,Male,6.3,79.5,65,86,90,83,324,81.0,A
STU11491,17,Female,0.5,80.4,56,56,70,65,247,61.75,C
STU11492,16,Male,3.5,92.1,77,100,78,100,355,88.75,A
STU11493,18,Male,1.2,80.2,68,55,67,60,250,62.5,C
STU11494,18,Male,2.8,100.0,78,83,91,87,339,84.75,A
STU11495,17,Female,0.5,83.3,64,70,82,66,282,70.5,B
STU11496,20,Female,4.3,92.6,72,81,72,75,300,75.0,B
STU11497,19,Female,2.4,90.1,64,68,83,71,286,71.5,B
STU11498,19,Male,4.6,81.6,77,78,91,89,335,83.75,A
STU11499,18,Male,1.6,76.1,53,59,63,64,239,59.75,D
STU11500,21,Female,4.6,85.3,71,67,61,79,278,69.5,C
STU11501,21,Male,3.8,87.1,96,93,91,87,367,91.75,A+
STU11502,17,Male,7.2,76.3,70,78,83,85,316,79.0,B
STU11503,19,Male,7.0,83.7,89,100,96,100,385,96.25,A+
STU11504,18,Male,5.9,94.4,78,73,67,82,300,75.0,B
STU11505,20,Male,3.9,100.0,79,87,97,97,360,90.0,A+
STU11506,19,Female,8.1,90.5,100,91,87,98,376,94.0,A+
STU11507,18,Male,1.7,100.0,70,64,65,67,266,66.5,C
STU11508,18,Female,2.0,75.7,68,75,84,73,300,75.0,B
STU11509,16,Male,4.3,89.0,79,86,74,91,330,82.5,A
STU11510,20,Male,8.6,95.4,91,90,100,99,380,95.0,A+
STU11511,16,Female,4.1,73.0,76,85,79,83,323,80.75,A
STU11512,17,Male,4.2,77.1,59,57,57,59,232,58.0,D
STU11513,16,Female,1.9,99.4,68,51,66,72,257,64.25,C
STU11514,16,Female,6.2,72.2,84,78,87,89,338,84.5,A
STU11515,19,Male,6.2,68.6,86,82,71,92,331,82.75,A
STU11516,21,Female,5.9,97.3,76,67,60,69,272,68.0,C
STU11517,18,Male,3.4,94.0,66,74,82,79,301,75.25,B
STU11518,20,Female,3.2,86.3,58,61,64,66,249,62.25,C
STU11519,16,Male,2.2,81.5,67,68,72,74,281,70.25,B
STU11520,20,Female,4.7,77.6,66,72,72,80,290,72.5,B
STU11521,21,Male,2.6,84.8,78,84,64,68,294,73.5,B
STU11522,21,Female,2.4,97.8,64,80,79,85,308,77.0,B
STU11523,16,Female,3.7,84.4,89,95,90,96,370,92.5,A+
STU11524,17,Female,3.6,100.0,81,83,82,90,336,84.0,A
STU11525,16,Female,3.5,73.0,70,81,78,76,305,76.25,B
STU11526,19,Female,5.3,81.8,89,91,84,100,364,91.0,A+
STU11527,18,Female,4.6,78.3,81,84,84,72,321,80.25,A
STU11528,17,Male,4.0,71.1,53,62,74,54,243,60.75,C
STU11529,16,Male,4.8,80.5,84,79,95,85,343,85.75,A
STU11530,20,Male,2.7,86.2,66,59,71,71,267,66.75,C
STU11531,17,Male,4.7,87.2,80,93,83,83,339,84.75,A
STU11532,17,Male,4.8,100.0,73,82,93,82,330,82.5,A
STU11533,16,Female,1.8,86.6,49,67,74,64,254,63.5,C
STU11534,17,Male,6.3,93.5,87,100,100,99,386,96.5,A+
STU11535,20,Female,2.9,82.7,90,68,74,71,303,75.75,B
STU11536,21,Male,4.7,98.8,90,87,84,97,358,89.5,A
STU11537,17,Male,6.6,100.0,99,96,100,100,395,98.75,A+
STU11538,21,Female,6.2,87.3,88,96,95,94,373,93.25,A+
STU11539,20,Female,4.6,72.1,75,72,76,91,314,78.5,B
STU11540,16,Female,3.8,76.5,68,64,70,76,278,69.5,C
STU11541,18,Female,6.2,84.8,98,87,100,100,385,96.25,A+
STU11542,17,Male,5.7,86.6,81,89,81,93,344,86.0,A
STU11543,18,Female,3.4,89.0,69,73,69,74,285,71.25,B
STU11544,20,Male,3.1,86.6,68,63,59,71,261,65.25,C
STU11545,17,Male,0.8,82.1,39,62,60,64,225,56.25,D
STU11546,21,Male,4.8,75.6,77,71,100,81,329,82.25,A
STU11547,19,Male,4.4,86.0,61,60,65,70,256,64.0,C
STU11548,18,Male,6.5,100.0,96,87,96,100,379,94.75,A+
STU11549,17,Female,5.1,92.2,63,72,93,80,308,77.0,B
STU11550,18,Female,6.9,87.3,89,94,87,85,355,88.75,A
STU11551,17,Male,3.2,92.3,79,75,81,73,308,77.0,B
STU11552,16,Male,6.5,78.3,80,74,87,90,331,82.75,A
STU11553,21,Male,3.5,76.9,57,57,62,76,252,63.0,C
STU11554,18,Male,5.9,74.5,90,73,82,99,344,86.0,A
STU11555,19,Female,1.9,80.7,70,86,67,79,302,75.5,B
STU11556,19,Male,4.9,77.8,73,85,66,85,309,77.25,B
STU11557,20,Female,0.9,94.1,76,77,85,72,310,77.5,B
STU11558,17,Male,4.0,77.2,71,69,70,81,291,72.75,B
STU11559,18,Female,5.3,74.0,83,77,73,94,327,81.75,A
STU11560,20,Male,3.6,100.0,73,81,79,91,324,81.0,A
STU11561,18,Female,2.6,77.5,71,85,84,81,321,80.25,A
STU11562,17,Male,6.0,83.5,85,82,81,85,333,83.25,A
STU11563,19,Female,4.3,86.5,84,78,69,83,314,78.5,B
STU11564,16,Male,3.6,70.6,64,64,70,67,265,66.25,C
STU11565,19,Male,4.6,94.4,59,85,87,88,319,79.75,B
STU11566,20,Female,9.2,88.4,100,100,100,100,400,100.0,A+
STU11567,21,Female,6.6,97.6,95,96,95,100,386,96.5,A+
STU11568,16,Female,6.6,75.2,73,71,85,77,306,76.5,B
STU11569,20,Female,5.3,83.0,78,76,76,80,310,77.5,B
STU11570,17,Female,4.8,82.4,78,75,96,84,333,83.25,A
STU11571,16,Male,0.5,84.6,59,54,49,67,229,57.25,D
STU11572,20,Male,3.3,67.5,54,64,58,62,238,59.5,D
STU11573,17,Male,3.6,83.1,93,68,79,92,332,83.0,A
STU11574,19,Female,1.1,67.7,65,53,54,52,224,56.0,D
STU11575,21,Male,2.4,85.6,70,69,79,82,300,75.0,B
STU11576,17,Male,0.9,60.7,59,70,57,71,257,64.25,C
STU11577,18,Female,4.4,63.5,68,71,68,61,268,67.0,C
STU11578,17,Female,6.0,90.2,70,76,85,78,309,77.25,B
STU11579,17,Male,6.5,76.5,78,86,72,84,320,80.0,A
STU11580,21,Male,5.2,72.1,76,73,66,68,283,70.75,B
STU11581,18,Male,2.8,94.7,79,74,81,80,314,78.5,B
STU11582,20,Male,1.0,85.3,75,73,55,67,270,67.5,C
STU11583,20,Male,1.3,90.7,70,65,68,66,269,67.25,C
STU11584,17,Female,2.2,80.3,74,89,89,83,335,83.75,A
STU11585,18,Female,2.9,100.0,82,81,98,84,345,86.25,A
STU11586,18,Female,4.2,76.0,77,73,83,84,317,79.25,B
STU11587,21,Male,2.7,99.4,57,57,59,60,233,58.25,D
STU11588,19,Female,5.1,81.4,83,76,81,93,333,83.25,A
STU11589,20,Male,4.1,65.5,78,91,94,100,363,90.75,A+
STU11590,21,Male,4.5,86.8,56,44,65,65,230,57.5,D
STU11591,16,Female,6.6,85.1,82,100,85,100,367,91.75,A+
STU11592,20,Male,2.4,71.5,59,58,73,60,250,62.5,C
STU11593,21,Male,5.3,72.8,70,78,68,74,290,72.5,B
STU11594,20,Female,4.5,81.8,67,84,78,93,322,80.5,A
STU11595,19,Male,3.9,85.5,94,92,90,100,376,94.0,A+
STU11596,16,Female,6.1,57.3,68,80,93,95,336,84.0,A
STU11597,19,Male,6.1,92.5,88,87,88,85,348,87.0,A
STU11598,16,Female,2.8,77.1,52,63,65,63,243,60.75,C
STU11599,17,Male,4.2,68.7,70,64,78,81,293,73.25,B
STU11600,21,Male,5.0,91.4,92,83,94,95,364,91.0,A+
STU11601,16,Female,4.0,81.8,87,69,73,73,302,75.5,B
STU11602,19,Male,5.6,94.2,83,78,90,88,339,84.75,A
STU11603,20,Male,5.0,86.4,89,100,99,100,388,97.0,A+
STU11604,16,Male,7.8,82.0,100,100,100,100,400,100.0,A+
STU11605,21,Male,1.7,80.5,72,69,83,84,308,77.0,B
STU11606,16,Male,4.3,86.8,66,63,73,69,271,67.75,C
STU11607,18,Male,2.9,77.9,67,61,71,68,267,66.75,C
STU11608,20,Female,5.6,73.5,64,79,85,93,321,80.25,A
STU11609,21,Male,1.6,88.1,58,52,70,62,242,60.5,C
STU11610,21,Female,5.1,80.6,89,87,76,100,352,88.0,A
STU11611,17,Male,3.4,82.3,92,90,92,83,357,89.25,A
STU11612,19,Male,3.2,92.9,75,72,88,78,313,78.25,B
STU11613,17,Female,1.9,80.9,69,80,77,89,315,78.75,B
STU11614,21,Male,3.7,82.2,82,75,70,75,302,75.5,B
STU11615,20,Female,6.5,76.0,100,100,100,100,400,100.0,A+
STU11616,16,Male,4.5,86.3,68,79,74,85,306,76.5,B
STU11617,16,Female,5.6,85.5,87,92,84,96,359,89.75,A
STU11618,20,Female,7.5,91.0,100,100,100,100,400,100.0,A+
STU11619,21,Female,5.0,76.2,79,78,83,89,329,82.25,A
STU11620,16,Female,3.5,77.4,85,76,84,81,326,81.5,A
STU11621,16,Female,5.3,89.9,71,72,77,98,318,79.5,B
STU11622,16,Male,3.5,84.5,72,83,82,90,327,81.75,A
STU11623,19,Male,3.6,72.9,57,70,68,75,270,67.5,C
STU11624,19,Female,1.8,95.1,80,67,86,74,307,76.75,B
STU11625,18,Male,6.2,65.0,67,71,82,91,311,77.75,B
STU11626,17,Male,3.8,89.8,54,48,60,74,236,59.0,D
STU11627,20,Female,4.8,69.3,78,83,67,82,310,77.5,B
STU11628,20,Male,2.6,100.0,89,90,93,90,362,90.5,A+
STU11629,20,Female,5.3,66.6,88,92,80,88,348,87.0,A
STU11630,18,Female,3.1,93.5,72,85,73,81,311,77.75,B
STU11631,19,Female,4.2,81.2,91,82,83,99,355,88.75,A
STU11632,21,Female,6.1,78.3,73,85,85,90,333,83.25,A
STU11633,21,Male,5.9,83.9,80,79,65,75,299,74.75,B
STU11634,18,Male,4.5,88.3,69,52,63,59,243,60.75,C
STU11635,21,Male,1.3,73.0,59,51,53,57,220,55.0,D
STU11636,20,Male,9.9,73.8,100,100,100,100,400,100.0,A+
STU11637,17,Female,7.6,88.5,90,94,94,90,368,92.0,A+
STU11638,16,Female,5.8,64.9,73,65,81,88,307,76.75,B
STU11639,19,Male,3.1,76.2,87,96,79,96,358,89.5,A
STU11640,19,Male,4.3,100.0,73,72,59,71,275,68.75,C
STU11641,18,Female,3.5,72.3,83,81,77,78,319,79.75,B
STU11642,19,Male,6.8,93.5,100,95,95,100,390,97.5,A+
STU11643,20,Female,5.0,76.1,74,75,67,78,294,73.5,B
STU11644,21,Male,3.1,87.1,71,68,86,86,311,77.75,B
STU11645,20,Female,3.7,88.5,72,71,82,79,304,76.0,B
STU11646,18,Female,6.5,93.3,81,92,96,99,368,92.0,A+
STU11647,20,Female,7.4,80.0,100,100,95,100,395,98.75,A+
STU11648,21,Female,7.3,100.0,95,87,97,100,379,94.75,A+
STU11649,17,Male,5.9,76.1,87,90,98,98,373,93.25,A+
STU11650,18,Male,4.0,84.3,89,82,100,94,365,91.25,A+
STU11651,17,Female,0.5,84.5,53,50,51,63,217,54.25,D
STU11652,16,Male,5.0,70.8,87,76,99,91,353,88.25,A
STU11653,17,Female,4.5,79.1,61,77,63,73,274,68.5,C
STU11654,16,Female,4.8,83.6,68,83,85,84,320,80.0,A
STU11655,16,Female,4.6,77.7,78,90,74,80,322,80.5,A
STU11656,17,Female,2.1,100.0,58,58,81,69,266,66.5,C
STU11657,18,Female,5.5,73.6,94,92,84,96,366,91.5,A+
STU11658,21,Female,5.6,93.8,94,94,86,100,374,93.5,A+
STU11659,20,Male,5.7,90.6,79,77,81,87,324,81.0,A
STU11660,20,Male,6.2,81.9,100,84,79,97,360,90.0,A+
STU11661,21,Male,5.6,73.3,86,70,65,77,298,74.5,B
STU11662,16,Female,3.8,74.3,62,66,75,74,277,69.25,C
STU11663,16,Male,4.4,76.8,81,78,85,83,327,81.75,A
STU11664,18,Female,4.7,64.1,77,87,83,83,330,82.5,A
STU11665,19,Male,4.7,72.0,73,87,70,83,313,78.25,B
STU11666,17,Female,6.3,67.2,70,67,83,90,310,77.5,B
STU11667,16,Male,5.7,95.5,99,88,87,100,374,93.5,A+
STU11668,20,Female,8.2,88.2,88,100,98,100,386,96.5,A+
STU11669,18,Female,8.5,89.9,90,87,100,100,377,94.25,A+
STU11670,17,Male,4.6,87.9,61,68,72,57,258,64.5,C
STU11671,18,Male,0.5,83.7,63,57,82,65,267,66.75,C
STU11672,17,Female,6.7,96.6,89,99,91,100,379,94.75,A+
STU11673,17,Female,3.5,75.9,75,60,73,75,283,70.75,B
STU11674,21,Male,3.1,83.1,62,69,82,82,295,73.75,B
STU11675,16,Female,3.8,89.5,72,81,63,71,287,71.75,B
STU11676,18,Female,3.7,68.8,54,73,58,62,247,61.75,C
STU11677,18,Female,5.6,100.0,97,86,87,96,366,91.5,A+
STU11678,21,Male,1.7,82.3,88,68,67,74,297,74.25,B
STU11679,20,Male,2.6,83.4,65,75,71,66,277,69.25,C
STU11680,20,Female,5.1,94.6,83,98,85,100,366,91.5,A+
STU11681,16,Female,5.6,91.1,65,63,57,64,249,62.25,C
STU11682,16,Female,5.7,82.4,90,89,100,100,379,94.75,A+
STU11683,19,Male,3.1,83.3,91,68,64,85,308,77.0,B
STU11684,21,Male,2.7,67.0,80,71,76,68,295,73.75,B
STU11685,20,Male,3.6,76.4,51,45,44,44,184,46.0,F
STU11686,17,Male,4.9,87.2,86,88,94,99,367,91.75,A+
STU11687,18,Male,7.2,86.4,86,75,96,87,344,86.0,A
STU11688,16,Male,0.8,94.2,63,55,62,63,243,60.75,C
STU11689,18,Female,4.1,80.8,75,79,80,84,318,79.5,B
STU11690,18,Male,2.1,68.1,55,73,69,74,271,67.75,C
STU11691,19,Female,1.5,92.6,80,71,73,71,295,73.75,B
STU11692,20,Female,6.2,96.4,96,93,95,100,384,96.0,A+
STU11693,16,Female,5.5,91.0,89,85,98,92,364,91.0,A+
STU11694,18,Male,5.3,80.4,78,89,78,94,339,84.75,A
STU11695,16,Female,6.2,92.4,85,91,83,100,359,89.75,A
STU11696,17,Female,3.6,100.0,72,73,72,70,287,71.75,B
STU11697,19,Female,3.7,83.2,56,71,71,74,272,68.0,C
STU11698,17,Female,8.4,68.9,100,96,84,100,380,95.0,A+
STU11699,16,Female,4.1,76.1,73,73,82,87,315,78.75,B
STU11700,16,Female,5.8,88.3,75,84,82,100,341,85.25,A
STU11701,20,Male,4.5,66.0,81,77,75,75,308,77.0,B
STU11702,18,Female,1.2,83.7,65,67,58,68,258,64.5,C
STU11703,18,Male,0.8,85.8,48,51,70,57,226,56.5,D
STU11704,17,Female,3.5,97.4,94,79,85,98,356,89.0,A
STU11705,19,Male,6.4,95.1,99,79,82,96,356,89.0,A
STU11706,21,Male,5.9,90.6,88,94,98,100,380,95.0,A+
STU11707,18,Female,6.1,60.4,59,78,72,63,272,68.0,C
STU11708,20,Female,2.7,91.2,80,92,95,93,360,90.0,A+
STU11709,17,Male,7.4,89.1,95,85,88,93,361,90.25,A+
STU11710,17,Male,2.8,84.6,79,76,58,67,280,70.0,B
STU11711,21,Female,4.9,64.7,68,75,68,90,301,75.25,B
STU11712,20,Male,4.5,74.2,79,80,73,74,306,76.5,B
STU11713,19,Female,4.2,70.3,67,88,82,76,313,78.25,B
STU11714,20,Male,6.9,61.8,78,84,86,86,334,83.5,A
STU11715,19,Female,3.2,82.0,57,67,69,58,251,62.75,C
STU11716,20,Female,2.1,74.0,68,74,78,81,301,75.25,B
STU11717,20,Male,4.5,100.0,74,76,92,93,335,83.75,A
STU11718,16,Male,3.8,80.3,65,55,79,79,278,69.5,C
STU11719,17,Male,10.0,94.9,95,89,100,100,384,96.0,A+
STU11720,20,Female,5.7,66.3,66,68,69,80,283,70.75,B
STU11721,21,Female,3.8,76.7,77,79,93,83,332,83.0,A
STU11722,20,Female,2.6,83.0,65,76,68,75,284,71.0,B
STU11723,18,Male,1.1,72.9,64,63,61,64,252,63.0,C
STU11724,17,Male,2.7,77.8,70,74,82,78,304,76.0,B
STU11725,18,Male,4.7,79.8,78,81,79,83,321,80.25,A
STU11726,17,Male,7.1,79.7,100,93,100,100,393,98.25,A+
STU11727,18,Female,6.5,100.0,95,95,82,94,366,91.5,A+
STU11728,20,Female,4.9,85.8,76,90,82,100,348,87.0,A
STU11729,20,Female,3.9,86.8,78,69,87,88,322,80.5,A
STU11730,16,Male,5.0,87.4,83,94,92,92,361,90.25,A+
STU11731,21,Female,3.6,88.1,90,68,81,89,328,82.0,A
STU11732,18,Female,7.6,81.2,92,76,98,97,363,90.75,A+
STU11733,19,Female,4.2,78.8,94,100,100,97,391,97.75,A+
STU11734,16,Female,4.3,83.7,78,70,77,91,316,79.0,B
STU11735,18,Male,0.5,93.6,51,56,55,67,229,57.25,D
STU11736,18,Male,4.1,93.3,87,81,78,84,330,82.5,A
STU11737,16,Female,6.0,79.6,72,68,89,68,297,74.25,B
STU11738,20,Male,2.6,89.7,83,77,82,85,327,81.75,A
STU11739,18,Male,3.1,80.1,39,51,51,51,192,48.0,F
STU11740,20,Female,5.9,82.3,88,86,89,88,351,87.75,A
STU11741,16,Female,1.8,77.3,60,62,69,68,259,64.75,C
STU11742,20,Female,6.4,80.2,93,100,100,100,393,98.25,A+
STU11743,17,Male,3.5,95.4,55,59,75,71,260,65.0,C
STU11744,19,Male,3.8,82.9,58,70,72,78,278,69.5,C
STU11745,18,Female,2.5,83.4,59,71,80,78,288,72.0,B
STU11746,21,Female,5.2,67.5,75,88,78,73,314,78.5,B
STU11747,19,Female,8.9,78.9,87,88,100,100,375,93.75,A+
STU11748,20,Female,5.9,79.6,84,81,93,89,347,86.75,A
STU11749,18,Female,2.9,73.7,69,60,67,70,266,66.5,C
STU11750,20,Female,6.5,82.2,87,96,96,81,360,90.0,A+
STU11751,17,Male,3.9,77.7,39,48,75,59,221,55.25,D
STU11752,16,Female,7.0,82.8,86,89,98,87,360,90.0,A+
STU11753,18,Female,6.0,83.2,87,62,74,81,304,76.0,B
STU11754,17,Female,0.5,72.4,65,65,69,69,268,67.0,C
STU11755,17,Female,2.7,78.0,93,91,82,85,351,87.75,A
STU11756,18,Female,6.2,82.8,85,77,100,97,359,89.75,A
STU11757,20,Male,4.8,93.8,80,95,100,100,375,93.75,A+
STU11758,21,Female,2.7,84.6,68,65,86,67,286,71.5,B
STU11759,17,Male,3.4,75.4,65,58,59,65,247,61.75,C
STU11760,19,Female,1.1,86.0,85,85,88,75,333,83.25,A
STU11761,17,Male,4.3,99.1,98,79,76,98,351,87.75,A
STU11762,21,Male,8.5,91.2,100,99,86,100,385,96.25,A+
STU11763,20,Male,5.9,87.5,93,93,89,98,373,93.25,A+
STU11764,20,Female,8.4,89.3,100,93,100,100,393,98.25,A+
STU11765,19,Male,6.1,96.4,86,89,81,93,349,87.25,A
STU11766,17,Male,6.3,92.8,67,71,79,80,297,74.25,B
STU11767,20,Female,8.1,87.7,92,96,100,100,388,97.0,A+
STU11768,21,Male,5.2,92.7,90,80,97,93,360,90.0,A+
STU11769,18,Female,4.2,71.2,63,70,91,80,304,76.0,B
STU11770,16,Female,6.4,67.0,97,87,90,86,360,90.0,A+
STU11771,16,Female,7.1,83.6,98,100,90,100,388,97.0,A+
STU11772,16,Male,3.6,82.7,57,68,59,68,252,63.0,C
STU11773,17,Female,3.2,76.6,69,67,58,66,260,65.0,C
STU11774,19,Male,4.7,90.3,77,84,72,91,324,81.0,A
STU11775,20,Male,6.0,63.4,68,79,61,78,286,71.5,B
STU11776,18,Male,5.9,76.7,92,83,100,99,374,93.5,A+
STU11777,21,Female,1.9,77.2,58,67,61,53,239,59.75,D
STU11778,18,Male,7.9,65.6,95,80,100,100,375,93.75,A+
STU11779,21,Female,3.3,96.9,78,73,80,97,328,82.0,A
STU11780,17,Female,4.0,68.4,60,72,71,73,276,69.0,C
STU11781,16,Female,2.9,76.1,61,67,59,63,250,62.5,C
STU11782,17,Male,9.4,91.1,100,90,97,100,387,96.75,A+
STU11783,19,Female,4.9,88.5,85,86,100,100,371,92.75,A+
STU11784,19,Female,3.0,70.9,60,62,76,73,271,67.75,C
STU11785,21,Female,6.1,88.8,92,97,99,96,384,96.0,A+
STU11786,20,Male,5.9,84.9,67,90,90,79,326,81.5,A
STU11787,20,Female,4.2,100.0,91,88,100,100,379,94.75,A+
STU11788,21,Male,6.0,86.0,100,100,97,100,397,99.25,A+
STU11789,19,Male,3.0,80.6,67,68,62,69,266,66.5,C
STU11790,19,Male,3.6,73.4,52,73,64,68,257,64.25,C
STU11791,19,Female,0.9,74.6,70,58,93,62,283,70.75,B
STU11792,17,Male,2.1,73.7,70,71,80,73,294,73.5,B
STU11793,19,Male,7.8,95.7,99,92,97,100,388,97.0,A+
STU11794,18,Female,7.5,82.2,88,83,88,93,352,88.0,A
STU11795,16,Female,4.6,87.7,70,97,75,83,325,81.25,A
STU11796,19,Male,7.5,97.1,100,100,100,100,400,100.0,A+
STU11797,21,Female,4.2,58.4,56,61,75,67,259,64.75,C
STU11798,16,Male,4.1,94.8,74,77,85,94,330,82.5,A
STU11799,17,Male,4.6,82.6,100,97,83,83,363,90.75,A+
STU11800,21,Male,4.3,86.4,87,74,81,81,323,80.75,A
STU11801,16,Female,4.1,73.7,87,78,72,74,311,77.75,B
STU11802,21,Male,6.6,74.4,88,86,81,92,347,86.75,A
STU11803,17,Male,4.8,86.9,73,65,70,81,289,72.25,B
STU11804,18,Male,5.8,100.0,83,85,71,87,326,81.5,A
STU11805,17,Female,6.4,92.0,85,82,78,80,325,81.25,A
STU11806,17,Male,5.2,94.7,74,83,72,99,328,82.0,A
STU11807,21,Male,2.8,80.1,56,67,72,69,264,66.0,C
STU11808,20,Male,2.1,76.0,81,85,94,84,344,86.0,A
STU11809,19,Male,4.8,74.2,86,92,83,100,361,90.25,A+
STU11810,19,Female,4.2,77.1,64,77,86,84,311,77.75,B
STU11811,18,Female,4.7,61.5,75,67,66,78,286,71.5,B
STU11812,18,Male,4.5,74.8,73,57,81,68,279,69.75,C
STU11813,19,Male,9.2,76.4,100,100,100,100,400,100.0,A+
STU11814,20,Male,2.1,80.2,74,79,84,76,313,78.25,B
STU11815,19,Male,0.9,83.3,44,45,41,59,189,47.25,F
STU11816,20,Male,5.1,85.6,87,75,72,87,321,80.25,A
STU11817,18,Female,3.8,81.9,58,50,59,67,234,58.5,D
STU11818,16,Female,5.1,76.2,87,93,97,91,368,92.0,A+
STU11819,21,Female,5.6,62.4,75,92,97,79,343,85.75,A
STU11820,18,Female,6.8,76.2,77,78,72,86,313,78.25,B
STU11821,18,Female,1.8,72.3,73,59,62,64,258,64.5,C
STU11822,17,Female,3.5,86.7,62,72,68,75,277,69.25,C
STU11823,17,Male,5.3,91.1,96,100,89,100,385,96.25,A+
STU11824,17,Female,5.9,91.4,99,100,80,100,379,94.75,A+
STU11825,21,Male,8.4,89.6,97,81,100,96,374,93.5,A+
STU11826,17,Female,6.2,80.7,100,100,100,90,390,97.5,A+
STU11827,20,Female,4.4,76.8,98,91,97,99,385,96.25,A+
STU11828,19,Male,2.9,74.5,68,55,61,84,268,67.0,C
STU11829,16,Male,3.5,66.9,60,75,73,74,282,70.5,B
STU11830,18,Female,3.4,91.9,80,84,100,90,354,88.5,A
STU11831,20,Male,5.7,80.3,94,82,94,100,370,92.5,A+
STU11832,16,Female,5.0,69.5,61,74,76,71,282,70.5,B
STU11833,20,Female,2.1,73.7,75,71,67,78,291,72.75,B
STU11834,20,Female,3.7,73.3,80,96,93,100,369,92.25,A+
STU11835,18,Female,6.1,82.4,93,80,78,88,339,84.75,A
STU11836,19,Male,5.1,92.7,75,74,73,81,303,75.75,B
STU11837,17,Male,5.5,78.5,82,90,93,88,353,88.25,A
STU11838,21,Female,5.2,59.5,70,80,92,80,322,80.5,A
STU11839,19,Female,7.4,80.1,71,79,76,84,310,77.5,B
STU11840,21,Female,4.9,80.4,90,69,87,86,332,83.0,A
STU11841,18,Male,3.8,79.8,73,58,63,66,260,65.0,C
STU11842,18,Male,2.9,75.7,61,65,76,77,279,69.75,C
STU11843,18,Female,4.9,84.2,90,82,88,99,359,89.75,A
STU11844,16,Male,0.5,82.7,43,42,48,58,191,47.75,F
STU11845,21,Female,4.2,81.8,85,80,79,94,338,84.5,A
STU11846,19,Male,4.1,86.1,66,61,50,68,245,61.25,C
STU11847,19,Female,2.0,77.7,55,58,59,51,223,55.75,D
STU11848,20,Female,2.8,77.1,74,65,69,78,286,71.5,B
STU11849,20,Female,6.0,95.8,93,91,94,99,377,94.25,A+
STU11850,20,Male,4.9,87.6,91,90,88,90,359,89.75,A
STU11851,18,Female,4.7,90.3,75,78,81,82,316,79.0,B
STU11852,19,Female,5.1,94.3,78,88,89,80,335,83.75,A
STU11853,21,Male,4.7,87.3,89,90,94,78,351,87.75,A
STU11854,18,Female,6.7,91.3,71,97,74,92,334,83.5,A
STU11855,16,Female,4.7,66.2,82,80,71,74,307,76.75,B
STU11856,20,Female,1.9,84.0,55,54,48,57,214,53.5,D
STU11857,18,Female,7.4,80.2,83,84,93,98,358,89.5,A
STU11858,18,Male,5.2,98.8,76,91,93,89,349,87.25,A
STU11859,16,Male,3.4,91.3,73,64,68,70,275,68.75,C
STU11860,17,Male,2.2,75.7,67,73,63,81,284,71.0,B
STU11861,19,Female,5.2,85.7,93,78,81,80,332,83.0,A
STU11862,21,Female,4.3,83.7,77,89,100,83,349,87.25,A
STU11863,17,Female,7.3,86.5,73,71,89,89,322,80.5,A
STU11864,20,Male,3.9,71.8,70,77,79,73,299,74.75,B
STU11865,18,Male,3.0,85.6,60,58,70,67,255,63.75,C
STU11866,16,Female,6.1,79.7,90,93,92,91,366,91.5,A+
STU11867,16,Male,6.2,84.8,93,90,86,100,369,92.25,A+
STU11868,19,Male,4.8,74.8,84,82,74,88,328,82.0,A
STU11869,17,Female,5.7,76.1,85,73,72,83,313,78.25,B
STU11870,19,Male,4.4,93.7,78,85,81,90,334,83.5,A
STU11871,18,Male,4.9,71.5,66,65,60,66,257,64.25,C
STU11872,19,Male,6.6,72.2,65,63,70,76,274,68.5,C
STU11873,21,Male,5.6,81.5,74,65,73,84,296,74.0,B
STU11874,16,Female,4.2,74.3,76,72,70,89,307,76.75,B
STU11875,16,Male,6.9,73.1,83,88,96,100,367,91.75,A+
STU11876,20,Male,0.5,83.1,30,31,37,43,141,35.25,F
STU11877,20,Male,8.2,66.9,100,100,100,100,400,100.0,A+
STU11878,18,Female,1.4,71.9,62,61,58,59,240,60.0,C
STU11879,21,Male,3.4,100.0,63,64,72,66,265,66.25,C
STU11880,17,Female,4.4,86.6,83,70,76,88,317,79.25,B
STU11881,19,Male,4.2,74.5,87,98,97,88,370,92.5,A+
STU11882,18,Male,6.3,86.2,87,100,91,100,378,94.5,A+
STU11883,20,Male,2.6,87.7,73,75,81,90,319,79.75,B
STU11884,19,Female,5.0,91.9,62,80,78,83,303,75.75,B
STU11885,20,Female,3.5,80.7,69,69,77,68,283,70.75,B
STU11886,19,Male,5.0,91.8,64,87,84,81,316,79.0,B
STU11887,17,Female,4.4,61.6,85,88,100,85,358,89.5,A
STU11888,18,Female,4.7,71.4,88,82,87,82,339,84.75,A
STU11889,19,Male,3.5,83.6,93,79,97,91,360,90.0,A+
STU11890,21,Female,3.6,85.3,67,65,68,77,277,69.25,C
STU11891,16,Male,5.0,72.9,85,72,72,67,296,74.0,B
STU11892,21,Female,6.2,84.6,94,86,97,94,371,92.75,A+
STU11893,21,Female,3.4,75.8,76,74,72,95,317,79.25,B
STU11894,16,Female,2.9,79.2,67,62,62,75,266,66.5,C
STU11895,21,Female,5.6,92.2,88,90,86,93,357,89.25,A
STU11896,19,Male,4.4,91.1,81,71,75,95,322,80.5,A
STU11897,19,Female,6.0,72.0,93,83,79,90,345,86.25,A
STU11898,19,Male,2.9,71.4,63,72,78,62,275,68.75,C
STU11899,16,Male,1.3,77.9,63,65,61,66,255,63.75,C
STU11900,21,Female,3.5,81.7,76,74,76,89,315,78.75,B
STU11901,16,Female,3.1,75.4,77,56,58,68,259,64.75,C
STU11902,19,Female,4.4,92.4,93,82,80,85,340,85.0,A
STU11903,21,Male,3.4,85.5,91,100,97,97,385,96.25,A+
STU11904,21,Female,5.8,86.1,66,74,92,83,315,78.75,B
STU11905,20,Female,4.0,69.3,65,78,72,71,286,71.5,B
STU11906,20,Male,4.8,93.7,81,72,74,74,301,75.25,B
STU11907,17,Male,4.8,53.8,73,71,78,67,289,72.25,B
STU11908,18,Male,4.9,90.3,82,81,58,75,296,74.0,B
STU11909,20,Male,4.5,91.3,95,83,85,98,361,90.25,A+
STU11910,16,Female,5.4,77.7,80,92,82,96,350,87.5,A
STU11911,20,Female,3.1,94.7,62,50,63,48,223,55.75,D
STU11912,17,Female,7.0,81.4,89,84,76,100,349,87.25,A
STU11913,21,Female,4.1,82.6,78,66,69,85,298,74.5,B
STU11914,17,Male,2.1,85.4,71,69,73,83,296,74.0,B
STU11915,21,Female,4.8,100.0,91,75,72,80,318,79.5,B
STU11916,21,Male,3.0,95.4,85,92,83,88,348,87.0,A
STU11917,18,Female,5.7,89.0,87,93,100,100,380,95.0,A+
STU11918,20,Male,8.5,72.9,99,100,97,100,396,99.0,A+
STU11919,16,Female,3.1,83.4,80,80,72,80,312,78.0,B
STU11920,16,Male,5.1,73.9,79,64,81,74,298,74.5,B
STU11921,19,Male,1.3,90.2,64,62,65,69,260,65.0,C
STU11922,21,Female,5.3,83.4,100,89,91,100,380,95.0,A+
STU11923,16,Male,2.9,70.8,60,67,56,66,249,62.25,C
STU11924,18,Female,3.4,82.8,83,78,66,94,321,80.25,A
STU11925,21,Male,2.5,73.5,59,50,58,69,236,59.0,D
STU11926,18,Female,5.8,83.5,87,89,81,93,350,87.5,A
STU11927,16,Male,6.3,73.4,100,100,96,100,396,99.0,A+
STU11928,16,Male,4.5,82.3,73,71,67,71,282,70.5,B
STU11929,19,Male,2.9,89.5,73,74,76,74,297,74.25,B
STU11930,16,Male,7.4,81.5,93,100,100,100,393,98.25,A+
STU11931,21,Male,3.1,78.1,71,75,88,85,319,79.75,B
STU11932,21,Male,0.6,84.0,56,57,67,69,249,62.25,C
STU11933,21,Male,5.3,89.0,86,80,73,87,326,81.5,A
STU11934,19,Male,2.5,70.9,73,56,66,63,258,64.5,C
STU11935,19,Female,6.3,84.6,96,97,100,100,393,98.25,A+
STU11936,16,Female,3.8,95.2,69,76,65,83,293,73.25,B
STU11937,17,Male,5.6,87.7,83,96,96,94,369,92.25,A+
STU11938,17,Female,7.0,82.6,99,83,78,90,350,87.5,A
STU11939,19,Female,2.3,88.4,82,77,79,87,325,81.25,A
STU11940,16,Male,3.5,86.5,79,83,80,88,330,82.5,A
STU11941,17,Female,4.4,89.5,77,66,74,76,293,73.25,B
STU11942,16,Male,7.3,61.8,86,86,95,88,355,88.75,A
STU11943,16,Female,3.3,66.5,43,65,51,64,223,55.75,D
STU11944,16,Male,3.4,92.0,66,69,57,71,263,65.75,C
STU11945,20,Female,5.4,66.9,79,80,88,90,337,84.25,A
STU11946,21,Female,3.5,86.0,88,97,85,91,361,90.25,A+
STU11947,16,Male,4.8,78.5,84,89,89,83,345,86.25,A
STU11948,20,Male,1.7,72.0,72,68,76,74,290,72.5,B
STU11949,19,Female,8.5,85.5,90,100,95,100,385,96.25,A+
STU11950,17,Male,2.1,84.0,83,84,79,77,323,80.75,A
STU11951,21,Female,3.9,100.0,81,80,85,90,336,84.0,A
STU11952,17,Female,4.4,75.8,94,92,100,100,386,96.5,A+
STU11953,21,Female,7.9,96.4,100,99,93,100,392,98.0,A+
STU11954,17,Female,2.1,85.5,86,80,75,85,326,81.5,A
STU11955,21,Female,8.1,75.4,100,88,100,100,388,97.0,A+
STU11956,17,Female,5.9,90.0,97,85,85,95,362,90.5,A+
STU11957,17,Male,5.3,87.7,78,57,71,75,281,70.25,B
STU11958,17,Male,2.7,82.4,80,81,77,83,321,80.25,A
STU11959,17,Male,5.5,84.7,76,74,82,92,324,81.0,A
STU11960,19,Female,3.2,76.0,70,69,88,72,299,74.75,B
STU11961,16,Female,6.8,73.7,72,86,84,84,326,81.5,A
STU11962,18,Male,2.8,89.6,55,83,82,87,307,76.75,B
STU11963,20,Female,4.3,79.8,79,64,82,88,313,78.25,B
STU11964,18,Female,3.5,81.2,63,54,58,70,245,61.25,C
STU11965,18,Male,2.7,84.8,66,54,62,66,248,62.0,C
STU11966,21,Female,5.8,84.7,82,80,94,93,349,87.25,A
STU11967,16,Male,5.5,67.7,73,73,88,90,324,81.0,A
STU11968,21,Female,6.7,94.9,92,92,94,100,378,94.5,A+
STU11969,16,Male,1.3,83.2,76,79,72,78,305,76.25,B
STU11970,16,Female,6.4,80.0,84,91,88,96,359,89.75,A
STU11971,17,Female,9.0,86.3,97,94,94,100,385,96.25,A+
STU11972,19,Male,3.7,84.4,59,66,74,72,271,67.75,C
STU11973,17,Female,7.9,89.7,80,84,67,78,309,77.25,B
STU11974,19,Female,4.0,87.4,89,91,100,100,380,95.0,A+
STU11975,21,Male,2.0,89.2,85,84,69,78,316,79.0,B
STU11976,19,Male,3.9,95.5,70,71,60,74,275,68.75,C
STU11977,21,Female,6.4,90.8,87,87,94,100,368,92.0,A+
STU11978,18,Male,3.0,80.4,81,57,76,83,297,74.25,B
STU11979,18,Male,3.4,70.8,65,78,86,83,312,78.0,B
STU11980,19,Male,5.6,98.7,87,79,87,88,341,85.25,A
STU11981,19,Male,4.5,79.6,78,83,81,93,335,83.75,A
STU11982,21,Female,5.6,77.3,98,74,90,95,357,89.25,A
STU11983,17,Male,4.9,64.6,77,78,92,100,347,86.75,A
STU11984,21,Male,5.4,85.4,81,82,100,95,358,89.5,A
STU11985,17,Male,3.7,83.5,72,75,73,78,298,74.5,B
STU11986,18,Male,4.9,66.8,83,100,88,84,355,88.75,A
STU11987,16,Female,2.8,86.5,83,71,76,64,294,73.5,B
STU11988,19,Male,6.8,77.0,92,92,87,98,369,92.25,A+
STU11989,17,Female,3.4,100.0,77,82,94,89,342,85.5,A
STU11990,21,Female,6.5,76.3,98,83,81,99,361,90.25,A+
STU11991,18,Male,4.1,77.6,76,77,54,62,269,67.25,C
STU11992,17,Female,4.9,73.3,80,83,87,82,332,83.0,A
STU11993,21,Male,3.6,94.8,58,75,80,77,290,72.5,B
STU11994,19,Female,2.7,78.3,62,80,69,81,292,73.0,B
STU11995,19,Female,1.4,74.8,70,69,73,70,282,70.5,B
STU11996,20,Male,2.6,89.1,66,61,70,73,270,67.5,C
STU11997,16,Male,3.9,68.2,67,66,61,58,252,63.0,C
STU11998,20,Female,4.9,88.3,73,92,87,89,341,85.25,A
STU11999,18,Male,6.3,99.8,73,71,82,82,308,77.0,B
STU12000,17,Male,3.7,87.7,56,63,51,78,248,62.0,C
STU12001,18,Male,2.9,88.4,69,84,81,80,314,78.5,B
STU12002,21,Male,1.9,90.7,62,67,56,81,266,66.5,C
STU12003,19,Female,5.4,99.1,98,90,97,100,385,96.25,A+
STU12004,20,Male,7.0,94.1,87,86,79,83,335,83.75,A
STU12005,20,Male,6.8,86.4,80,93,97,89,359,89.75,A
STU12006,20,Female,5.8,91.0,82,87,92,92,353,88.25,A
STU12007,18,Male,5.6,73.1,57,71,75,79,282,70.5,B
STU12008,19,Male,7.6,89.8,100,97,100,100,397,99.25,A+
STU12009,17,Female,5.1,71.9,76,74,91,83,324,81.0,A
STU12010,21,Male,5.7,78.3,80,66,57,81,284,71.0,B
STU12011,17,Female,3.9,51.2,68,67,60,52,247,61.75,C
STU12012,18,Female,2.0,86.0,69,61,83,73,286,71.5,B
STU12013,21,Male,3.3,75.6,61,63,64,63,251,62.75,C
STU12014,20,Female,4.5,93.1,58,70,53,70,251,62.75,C
STU12015,16,Male,4.6,85.9,71,90,94,89,344,86.0,A
STU12016,18,Male,8.0,93.2,100,100,100,100,400,100.0,A+
STU12017,18,Female,4.6,71.2,66,63,79,76,284,71.0,B
STU12018,19,Female,6.6,92.4,94,100,100,100,394,98.5,A+
STU12019,17,Male,3.7,100.0,75,70,88,78,311,77.75,B
STU12020,18,Female,3.9,89.6,82,83,90,95,350,87.5,A
STU12021,18,Female,2.1,89.9,72,74,90,84,320,80.0,A
STU12022,20,Female,3.2,83.7,85,54,79,72,290,72.5,B
STU12023,20,Female,5.4,76.8,65,100,80,96,341,85.25,A
STU12024,21,Male,4.5,89.6,85,87,84,93,349,87.25,A
STU12025,16,Male,6.2,66.9,93,97,87,100,377,94.25,A+
STU12026,19,Female,4.8,77.8,75,70,85,85,315,78.75,B
STU12027,16,Male,3.9,64.3,60,56,72,73,261,65.25,C
STU12028,21,Female,8.4,75.0,90,90,89,100,369,92.25,A+
STU12029,20,Male,4.3,88.4,96,100,100,100,396,99.0,A+
STU12030,17,Male,6.6,87.1,85,94,88,100,367,91.75,A+
STU12031,20,Male,3.8,82.5,60,72,78,87,297,74.25,B
STU12032,19,Female,5.8,83.7,62,66,69,68,265,66.25,C
STU12033,20,Male,6.2,63.1,62,48,58,77,245,61.25,C
STU12034,19,Female,4.9,78.3,78,81,80,82,321,80.25,A
STU12035,19,Male,0.5,75.2,62,61,72,51,246,61.5,C
STU12036,19,Male,4.5,75.4,71,64,65,82,282,70.5,B
STU12037,21,Male,6.7,88.0,84,94,98,99,375,93.75,A+
STU12038,19,Female,5.4,73.4,67,59,58,80,264,66.0,C
STU12039,19,Male,5.3,76.0,74,85,80,89,328,82.0,A
STU12040,17,Male,1.4,61.1,73,53,53,71,250,62.5,C
STU12041,16,Male,3.2,79.1,61,68,47,68,244,61.0,C
STU12042,18,Male,5.2,71.1,88,98,95,99,380,95.0,A+
STU12043,16,Female,5.2,82.8,68,72,74,85,299,74.75,B
STU12044,19,Female,6.7,72.5,81,99,77,100,357,89.25,A
STU12045,17,Male,4.2,83.0,83,97,81,89,350,87.5,A
STU12046,20,Female,5.2,80.6,78,81,84,85,328,82.0,A
STU12047,17,Female,4.5,98.7,77,85,79,86,327,81.75,A
STU12048,19,Male,2.7,87.0,57,68,60,57,242,60.5,C
STU12049,17,Female,0.5,63.6,61,71,65,74,271,67.75,C
STU12050,17,Female,5.3,69.4,78,79,73,74,304,76.0,B
STU12051,19,Male,4.8,82.6,97,80,80,92,349,87.25,A
STU12052,21,Male,3.4,72.7,69,64,72,81,286,71.5,B
STU12053,17,Female,1.6,52.3,54,43,47,46,190,47.5,F
STU12054,18,Female,5.6,95.5,84,100,78,82,344,86.0,A
STU12055,18,Male,4.0,89.2,92,91,86,89,358,89.5,A
STU12056,17,Male,5.5,87.2,78,73,70,79,300,75.0,B
STU12057,21,Male,7.9,75.9,100,100,100,100,400,100.0,A+
STU12058,20,Female,0.6,86.3,55,51,64,59,229,57.25,D
STU12059,19,Female,3.2,75.0,57,65,72,69,263,65.75,C
STU12060,18,Female,4.1,84.0,71,78,79,91,319,79.75,B
STU12061,20,Male,7.1,72.8,100,100,100,100,400,100.0,A+
STU12062,17,Female,1.6,97.2,45,52,50,58,205,51.25,D
STU12063,20,Female,8.0,66.3,82,80,97,91,350,87.5,A
STU12064,16,Male,4.7,94.3,93,80,100,95,368,92.0,A+
STU12065,18,Male,4.3,82.4,77,72,77,79,305,76.25,B
STU12066,17,Female,4.1,77.1,83,78,75,94,330,82.5,A
STU12067,19,Female,3.7,83.7,79,58,73,79,289,72.25,B
STU12068,21,Female,6.4,89.3,81,74,85,91,331,82.75,A
STU12069,17,Female,2.6,95.7,73,73,70,80,296,74.0,B
STU12070,19,Male,5.1,85.1,69,71,77,79,296,74.0,B
STU12071,21,Female,3.8,73.1,65,73,81,75,294,73.5,B
STU12072,21,Female,3.1,82.6,61,69,64,77,271,67.75,C
STU12073,17,Female,9.2,100.0,100,100,100,100,400,100.0,A+
STU12074,20,Female,5.3,95.5,88,88,76,100,352,88.0,A
STU12075,20,Female,5.6,91.1,82,68,65,73,288,72.0,B
STU12076,21,Male,6.5,90.0,92,87,90,97,366,91.5,A+
STU12077,20,Female,1.9,89.0,81,95,100,86,362,90.5,A+
STU12078,16,Male,7.7,93.6,91,86,82,89,348,87.0,A
STU12079,21,Male,0.5,77.4,67,75,63,62,267,66.75,C
STU12080,21,Male,3.1,68.4,76,71,74,76,297,74.25,B
STU12081,19,Male,3.7,82.7,65,68,69,72,274,68.5,C
STU12082,20,Female,5.5,73.8,61,70,76,82,289,72.25,B
STU12083,21,Female,4.9,71.4,71,89,78,86,324,81.0,A
STU12084,16,Female,4.2,74.8,80,88,80,92,340,85.0,A
STU12085,19,Female,4.5,100.0,73,73,100,77,323,80.75,A
STU12086,17,Male,2.7,83.4,65,68,47,78,258,64.5,C
STU12087,21,Female,1.8,85.6,81,61,91,75,308,77.0,B
STU12088,16,Male,5.8,69.8,94,84,91,81,350,87.5,A
STU12089,18,Male,5.7,63.6,55,74,60,74,263,65.75,C
STU12090,16,Female,7.4,73.8,96,79,100,89,364,91.0,A+
STU12091,16,Male,3.1,96.4,84,89,78,80,331,82.75,A
STU12092,19,Male,5.7,85.3,85,90,93,98,366,91.5,A+
STU12093,17,Female,4.0,88.0,43,63,40,57,203,50.75,D
STU12094,18,Female,6.6,89.4,95,100,84,89,368,92.0,A+
STU12095,20,Male,6.3,76.1,67,69,74,83,293,73.25,B
STU12096,20,Female,4.9,95.9,70,72,64,70,276,69.0,C
STU12097,16,Female,3.9,75.7,61,50,61,72,244,61.0,C
STU12098,19,Female,6.2,96.1,97,90,91,94,372,93.0,A+
STU12099,19,Male,5.7,86.4,72,84,63,77,296,74.0,B
STU12100,20,Female,3.3,64.1,63,62,65,71,261,65.25,C
STU12101,18,Female,2.1,74.5,67,70,67,66,270,67.5,C
STU12102,17,Female,4.0,64.2,63,59,70,72,264,66.0,C
STU12103,18,Female,7.2,93.6,97,100,96,98,391,97.75,A+
STU12104,21,Male,6.6,81.8,83,90,94,100,367,91.75,A+
STU12105,21,Male,2.5,59.7,56,60,54,50,220,55.0,D
STU12106,17,Male,2.4,85.8,64,58,75,72,269,67.25,C
STU12107,20,Male,6.8,76.6,90,98,84,100,372,93.0,A+
STU12108,17,Female,2.5,67.2,69,63,61,67,260,65.0,C
STU12109,19,Male,5.4,98.8,82,81,98,87,348,87.0,A
STU12110,21,Female,3.4,83.1,79,93,100,98,370,92.5,A+
STU12111,16,Female,7.4,79.1,96,99,100,100,395,98.75,A+
STU12112,16,Male,3.1,78.0,85,72,72,77,306,76.5,B
STU12113,20,Male,6.6,66.9,82,96,74,97,349,87.25,A
STU12114,19,Female,4.8,69.0,78,90,89,83,340,85.0,A
STU12115,18,Female,5.0,94.8,79,84,91,89,343,85.75,A
STU12116,19,Male,1.0,77.3,72,71,69,80,292,73.0,B
STU12117,16,Male,0.5,82.2,58,63,80,67,268,67.0,C
STU12118,16,Female,4.1,61.6,68,61,77,78,284,71.0,B
STU12119,21,Female,4.9,68.8,84,78,69,79,310,77.5,B
STU12120,19,Male,2.5,88.1,66,72,70,91,299,74.75,B
STU12121,19,Female,2.5,85.8,99,90,95,93,377,94.25,A+
STU12122,16,Male,5.5,99.5,88,79,83,90,340,85.0,A
STU12123,18,Male,5.5,95.4,83,64,91,90,328,82.0,A
STU12124,20,Male,4.3,79.7,72,74,75,91,312,78.0,B
STU12125,20,Male,5.9,86.7,79,87,71,100,337,84.25,A
STU12126,19,Male,2.4,78.8,63,78,72,70,283,70.75,B
STU12127,20,Female,3.9,100.0,67,65,69,76,277,69.25,C
STU12128,16,Male,7.5,93.5,98,99,100,100,397,99.25,A+
STU12129,16,Male,4.6,83.7,87,90,91,88,356,89.0,A
STU12130,19,Male,4.7,84.0,73,73,74,88,308,77.0,B
STU12131,19,Female,8.7,96.4,100,100,100,100,400,100.0,A+
STU12132,21,Male,2.0,87.8,51,54,61,63,229,57.25,D
STU12133,19,Male,5.9,97.6,90,91,89,94,364,91.0,A+
STU12134,18,Female,7.5,60.1,80,74,83,89,326,81.5,A
STU12135,20,Female,3.9,86.6,58,60,72,61,251,62.75,C
STU12136,19,Male,6.0,76.8,57,71,53,65,246,61.5,C
STU12137,17,Female,2.7,99.6,74,73,84,66,297,74.25,B
STU12138,21,Female,3.3,97.5,76,82,56,87,301,75.25,B
STU12139,17,Female,5.2,82.3,95,95,89,83,362,90.5,A+
STU12140,16,Male,5.9,97.4,73,77,72,89,311,77.75,B
STU12141,20,Female,6.5,99.8,92,88,94,100,374,93.5,A+
STU12142,19,Male,7.3,82.7,85,91,95,100,371,92.75,A+
STU12143,17,Female,4.4,100.0,94,90,84,100,368,92.0,A+
STU12144,20,Female,6.6,81.7,87,82,63,96,328,82.0,A
STU12145,16,Male,3.9,79.9,62,69,63,68,262,65.5,C
STU12146,18,Female,6.1,90.7,79,93,100,93,365,91.25,A+
STU12147,21,Male,4.9,78.5,64,74,69,76,283,70.75,B
STU12148,20,Female,5.3,82.9,76,77,84,77,314,78.5,B
STU12149,20,Male,5.3,96.1,70,80,96,90,336,84.0,A
STU12150,18,Male,1.6,82.2,60,57,49,57,223,55.75,D
STU12151,20,Male,2.5,65.0,75,57,63,76,271,67.75,C
STU12152,16,Female,4.7,85.7,83,80,76,85,324,81.0,A
STU12153,16,Male,1.5,75.0,49,60,55,64,228,57.0,D
STU12154,18,Male,6.0,90.7,85,82,100,98,365,91.25,A+
STU12155,21,Male,6.1,89.0,81,88,89,100,358,89.5,A
STU12156,19,Female,5.1,96.7,100,91,99,88,378,94.5,A+
STU12157,17,Female,2.5,91.1,81,68,71,73,293,73.25,B
STU12158,19,Male,7.0,92.9,95,99,82,100,376,94.0,A+
STU12159,20,Male,8.2,75.3,85,71,95,100,351,87.75,A
STU12160,17,Male,4.8,90.0,87,77,91,86,341,85.25,A
STU12161,18,Male,5.4,100.0,71,64,84,83,302,75.5,B
STU12162,18,Male,4.9,75.1,77,72,75,89,313,78.25,B
STU12163,21,Female,5.5,100.0,99,99,84,100,382,95.5,A+
STU12164,17,Male,4.3,76.5,65,57,73,80,275,68.75,C
STU12165,16,Male,4.4,73.5,79,64,84,71,298,74.5,B
STU12166,17,Male,6.1,85.0,89,82,98,100,369,92.25,A+
STU12167,20,Female,8.7,89.2,85,95,81,97,358,89.5,A
STU12168,16,Female,2.0,91.1,82,74,91,72,319,79.75,B
STU12169,18,Female,4.3,72.4,68,68,63,79,278,69.5,C
STU12170,17,Male,2.4,86.3,65,59,66,70,260,65.0,C
STU12171,19,Male,7.4,75.1,87,69,84,80,320,80.0,A
STU12172,21,Male,3.4,67.1,74,87,89,93,343,85.75,A
STU12173,19,Male,1.9,72.7,53,57,42,57,209,52.25,D
STU12174,21,Female,5.6,74.5,96,78,88,91,353,88.25,A
STU12175,20,Female,7.6,87.2,88,79,86,92,345,86.25,A
STU12176,19,Female,5.7,93.5,91,91,100,100,382,95.5,A+
STU12177,17,Female,4.9,67.3,85,100,98,100,383,95.75,A+
STU12178,17,Male,5.2,85.5,64,73,81,68,286,71.5,B
STU12179,19,Female,7.0,70.2,70,75,82,79,306,76.5,B
STU12180,17,Male,2.9,88.3,80,91,79,76,326,81.5,A
STU12181,20,Male,4.3,75.8,79,90,82,96,347,86.75,A
STU12182,16,Female,3.7,71.5,79,76,91,81,327,81.75,A
STU12183,20,Male,2.4,90.0,60,64,57,66,247,61.75,C
STU12184,21,Male,3.9,76.1,88,87,98,93,366,91.5,A+
STU12185,20,Male,6.5,78.8,71,80,82,99,332,83.0,A
STU12186,21,Female,5.5,59.8,66,78,60,76,280,70.0,B
STU12187,17,Female,5.7,91.5,91,76,93,87,347,86.75,A
STU12188,16,Male,4.8,90.2,61,78,66,75,280,70.0,B
STU12189,17,Female,5.4,82.1,97,99,98,92,386,96.5,A+
STU12190,18,Male,3.1,66.7,57,60,60,68,245,61.25,C
STU12191,17,Male,3.9,94.1,87,95,65,95,342,85.5,A
STU12192,21,Female,4.8,75.3,74,63,78,76,291,72.75,B
STU12193,17,Female,5.0,77.5,76,73,76,84,309,77.25,B
STU12194,17,Female,5.1,100.0,70,67,56,73,266,66.5,C
STU12195,16,Male,4.3,75.0,88,87,75,79,329,82.25,A
STU12196,17,Female,3.8,89.4,89,90,74,97,350,87.5,A
STU12197,16,Female,10.0,87.6,89,83,100,100,372,93.0,A+
STU12198,19,Female,6.1,85.9,73,82,85,83,323,80.75,A
STU12199,18,Male,5.2,84.8,84,91,96,92,363,90.75,A+
STU12200,16,Female,4.1,85.8,64,57,73,67,261,65.25,C
STU12201,21,Female,3.7,84.7,81,83,82,100,346,86.5,A
STU12202,19,Male,4.3,81.5,64,61,75,77,277,69.25,C
STU12203,16,Male,5.0,97.1,76,74,76,77,303,75.75,B
STU12204,16,Male,1.1,68.9,61,63,64,64,252,63.0,C
STU12205,18,Female,1.7,92.2,67,58,69,65,259,64.75,C
STU12206,21,Female,3.4,90.2,66,67,80,77,290,72.5,B
STU12207,20,Female,4.9,89.0,69,73,82,99,323,80.75,A
STU12208,20,Female,4.1,93.2,56,62,50,73,241,60.25,C
STU12209,16,Female,7.2,81.1,90,89,100,100,379,94.75,A+
STU12210,17,Male,1.8,63.3,64,62,61,65,252,63.0,C
STU12211,21,Male,3.1,81.3,49,49,65,68,231,57.75,D
STU12212,19,Female,7.2,72.1,70,79,86,82,317,79.25,B
STU12213,17,Male,4.7,74.7,81,85,70,96,332,83.0,A
STU12214,17,Male,6.1,69.6,96,89,82,92,359,89.75,A
STU12215,21,Female,8.2,77.2,95,100,96,100,391,97.75,A+
STU12216,16,Male,3.3,76.0,65,73,77,81,296,74.0,B
STU12217,16,Male,4.3,58.2,76,61,72,81,290,72.5,B
STU12218,16,Male,4.0,89.0,91,81,78,88,338,84.5,A
STU12219,16,Male,1.0,100.0,78,88,79,73,318,79.5,B
STU12220,20,Female,3.9,88.1,93,87,82,91,353,88.25,A
STU12221,16,Female,6.1,80.0,83,72,79,78,312,78.0,B
STU12222,20,Female,5.5,81.5,72,80,97,91,340,85.0,A
STU12223,20,Male,5.6,77.8,78,74,92,70,314,78.5,B
STU12224,16,Female,3.8,82.9,80,67,72,86,305,76.25,B
STU12225,18,Female,3.3,81.6,71,84,78,87,320,80.0,A
STU12226,19,Female,6.8,73.6,67,76,68,80,291,72.75,B
STU12227,17,Male,3.6,98.8,81,78,73,89,321,80.25,A
STU12228,20,Female,5.0,67.1,71,66,76,73,286,71.5,B
STU12229,21,Female,4.8,89.2,77,75,99,74,325,81.25,A
STU12230,21,Female,7.1,81.0,95,87,96,100,378,94.5,A+
STU12231,19,Female,6.2,100.0,83,83,87,99,352,88.0,A
STU12232,21,Male,2.2,85.4,70,63,71,85,289,72.25,B
STU12233,18,Female,2.4,78.4,54,58,60,65,237,59.25,D
STU12234,21,Male,5.5,79.5,74,70,65,81,290,72.5,B
STU12235,17,Female,4.4,82.4,76,78,82,93,329,82.25,A
STU12236,17,Male,3.7,70.6,67,64,76,66,273,68.25,C
STU12237,20,Male,6.3,74.3,75,85,81,84,325,81.25,A
STU12238,16,Male,4.8,64.2,72,84,93,88,337,84.25,A
STU12239,18,Female,4.6,72.8,57,74,71,71,273,68.25,C
STU12240,20,Male,5.9,82.9,77,85,78,89,329,82.25,A
STU12241,18,Female,3.8,85.0,74,87,72,79,312,78.0,B
STU12242,16,Female,7.3,62.2,84,86,87,92,349,87.25,A
STU12243,21,Male,3.1,80.6,68,64,59,86,277,69.25,C
STU12244,21,Male,5.7,87.6,81,80,71,84,316,79.0,B
STU12245,16,Male,7.1,80.4,73,71,71,83,298,74.5,B
STU12246,20,Female,2.0,75.7,76,67,75,72,290,72.5,B
STU12247,16,Female,3.9,77.9,65,72,67,83,287,71.75,B
STU12248,19,Male,6.6,76.6,95,97,100,100,392,98.0,A+
STU12249,17,Male,6.6,75.6,81,80,77,100,338,84.5,A
STU12250,20,Female,4.2,83.7,70,88,50,74,282,70.5,B
STU12251,18,Female,3.2,100.0,73,74,75,84,306,76.5,B
STU12252,19,Female,6.2,74.6,81,68,94,80,323,80.75,A
STU12253,20,Female,6.6,78.8,93,100,95,99,387,96.75,A+
STU12254,16,Male,2.4,81.5,71,70,56,63,260,65.0,C
STU12255,16,Male,2.3,75.1,58,66,52,71,247,61.75,C
STU12256,16,Male,4.9,93.0,81,91,100,100,372,93.0,A+
STU12257,16,Male,5.6,58.3,72,83,74,88,317,79.25,B
STU12258,18,Male,4.0,76.7,94,99,100,88,381,95.25,A+
STU12259,19,Male,5.7,90.2,93,97,100,100,390,97.5,A+
STU12260,21,Male,3.2,79.1,64,54,59,55,232,58.0,D
STU12261,17,Female,0.7,73.8,59,43,78,69,249,62.25,C
STU12262,18,Female,3.7,86.4,87,91,82,92,352,88.0,A
STU12263,18,Female,4.6,91.1,85,86,83,87,341,85.25,A
STU12264,21,Female,4.0,84.1,77,84,78,92,331,82.75,A
STU12265,21,Male,2.4,74.0,71,69,82,77,299,74.75,B
STU12266,17,Female,1.2,86.6,65,57,73,69,264,66.0,C
STU12267,17,Male,3.6,78.0,69,61,64,83,277,69.25,C
STU12268,21,Female,6.1,89.5,87,79,70,93,329,82.25,A
STU12269,16,Male,6.8,96.8,66,84,67,92,309,77.25,B
STU12270,18,Female,6.6,55.9,89,94,83,100,366,91.5,A+
STU12271,20,Male,3.0,83.1,67,61,60,77,265,66.25,C
STU12272,17,Male,2.4,64.6,63,67,78,73,281,70.25,B
STU12273,17,Female,5.4,100.0,76,79,93,73,321,80.25,A
STU12274,21,Male,5.6,77.3,87,97,97,99,380,95.0,A+
STU12275,19,Female,5.2,89.5,82,86,71,83,322,80.5,A
STU12276,20,Female,0.9,81.6,52,45,48,63,208,52.0,D
STU12277,20,Female,2.9,74.0,77,89,79,83,328,82.0,A
STU12278,17,Female,4.4,72.8,89,71,88,89,337,84.25,A
STU12279,16,Female,5.4,97.9,71,86,100,87,344,86.0,A
STU12280,19,Male,5.9,91.6,85,90,84,91,350,87.5,A
STU12281,20,Female,4.8,100.0,74,73,100,88,335,83.75,A
STU12282,17,Female,5.1,82.6,75,97,100,83,355,88.75,A
STU12283,20,Female,4.7,84.9,76,82,71,79,308,77.0,B
STU12284,19,Male,5.7,79.3,69,83,77,82,311,77.75,B
STU12285,19,Female,5.1,79.1,84,88,93,100,365,91.25,A+
STU12286,18,Female,4.6,71.6,100,96,98,100,394,98.5,A+
STU12287,21,Female,4.0,82.8,78,94,87,100,359,89.75,A
STU12288,21,Male,4.6,74.1,90,72,88,85,335,83.75,A
STU12289,17,Male,5.4,86.4,78,79,69,87,313,78.25,B
STU12290,19,Male,5.0,83.7,69,80,71,77,297,74.25,B
STU12291,18,Female,5.2,84.9,79,65,79,98,321,80.25,A
STU12292,18,Female,6.9,98.8,97,91,96,95,379,94.75,A+
STU12293,20,Male,5.0,81.6,88,85,100,99,372,93.0,A+
STU12294,20,Male,3.3,89.6,85,83,80,90,338,84.5,A
STU12295,18,Male,6.1,100.0,100,92,91,100,383,95.75,A+
STU12296,20,Male,2.0,95.1,64,67,46,75,252,63.0,C
STU12297,19,Female,2.6,93.5,87,75,72,91,325,81.25,A
STU12298,16,Female,5.1,78.9,80,78,64,79,301,75.25,B
STU12299,19,Male,5.4,84.3,77,60,62,67,266,66.5,C
STU12300,18,Female,2.3,68.8,67,64,66,79,276,69.0,C
STU12301,18,Male,3.8,87.0,70,78,74,87,309,77.25,B
STU12302,19,Female,3.4,84.7,69,59,66,71,265,66.25,C
STU12303,20,Male,3.6,82.2,70,77,77,84,308,77.0,B
STU12304,20,Male,6.2,92.3,89,84,86,82,341,85.25,A
STU12305,21,Male,5.8,69.9,80,76,72,81,309,77.25,B
STU12306,18,Female,4.5,98.3,86,73,69,81,309,77.25,B
STU12307,17,Female,3.5,91.0,67,53,67,68,255,63.75,C
STU12308,21,Female,2.1,81.3,82,75,94,82,333,83.25,A
STU12309,20,Male,7.1,80.5,83,79,100,90,352,88.0,A
STU12310,19,Male,5.6,86.8,68,80,85,90,323,80.75,A
STU12311,20,Male,3.2,97.2,69,72,87,75,303,75.75,B
STU12312,19,Female,5.8,83.0,88,81,87,90,346,86.5,A
STU12313,21,Male,4.4,83.4,98,89,93,87,367,91.75,A+
STU12314,18,Female,4.0,82.2,63,81,80,90,314,78.5,B
STU12315,20,Female,5.3,99.8,86,95,91,100,372,93.0,A+
STU12316,19,Female,3.2,78.3,73,64,79,80,296,74.0,B
STU12317,18,Male,3.9,81.7,70,75,74,83,302,75.5,B
STU12318,17,Male,4.7,96.6,79,94,85,88,346,86.5,A
STU12319,19,Male,3.6,83.5,61,50,51,56,218,54.5,D
STU12320,21,Female,5.7,93.4,94,85,89,92,360,90.0,A+
STU12321,17,Female,7.9,72.9,84,98,92,100,374,93.5,A+
STU12322,17,Male,3.1,79.9,100,99,100,100,399,99.75,A+
STU12323,16,Male,1.5,96.8,62,71,65,61,259,64.75,C
STU12324,20,Female,0.9,75.2,69,64,70,69,272,68.0,C
STU12325,19,Female,4.2,80.5,73,82,79,84,318,79.5,B
STU12326,17,Male,3.3,84.6,100,90,89,100,379,94.75,A+
STU12327,16,Female,4.9,72.1,65,69,71,68,273,68.25,C
STU12328,21,Male,4.7,77.9,91,79,80,87,337,84.25,A
STU12329,18,Male,1.6,83.1,49,51,40,55,195,48.75,F
STU12330,19,Female,1.2,82.5,61,64,67,59,251,62.75,C
STU12331,17,Female,5.0,94.8,74,86,87,98,345,86.25,A
STU12332,20,Female,4.7,97.4,97,96,100,98,391,97.75,A+
STU12333,16,Male,3.7,73.4,62,66,64,68,260,65.0,C
STU12334,17,Female,1.5,83.1,72,62,59,76,269,67.25,C
STU12335,20,Male,5.3,88.7,80,78,84,90,332,83.0,A
STU12336,17,Male,6.8,97.2,97,100,100,100,397,99.25,A+
STU12337,19,Female,5.0,89.2,91,76,94,91,352,88.0,A
STU12338,19,Male,3.0,84.9,54,64,62,76,256,64.0,C
STU12339,19,Female,4.6,88.7,79,86,74,89,328,82.0,A
STU12340,21,Female,2.0,88.7,63,71,57,63,254,63.5,C
STU12341,21,Male,6.4,72.7,96,95,97,99,387,96.75,A+
STU12342,16,Male,4.6,83.9,94,77,69,100,340,85.0,A
STU12343,19,Male,1.3,96.6,68,62,65,65,260,65.0,C
STU12344,20,Male,4.0,79.9,77,67,72,80,296,74.0,B
STU12345,17,Female,5.3,83.3,76,92,98,93,359,89.75,A
STU12346,18,Female,3.9,79.6,98,69,91,91,349,87.25,A
STU12347,20,Male,4.0,58.9,68,66,74,76,284,71.0,B
STU12348,21,Male,2.3,82.2,58,53,63,53,227,56.75,D
STU12349,21,Female,5.5,85.0,86,90,83,89,348,87.0,A
STU12350,20,Female,3.3,76.9,51,62,56,70,239,59.75,D
STU12351,21,Male,0.6,70.5,41,36,41,51,169,42.25,F
STU12352,19,Male,3.8,73.2,76,62,70,70,278,69.5,C
STU12353,16,Female,6.3,89.6,76,85,80,96,337,84.25,A
STU12354,17,Male,3.8,100.0,61,70,67,69,267,66.75,C
STU12355,16,Male,7.6,95.8,73,78,80,94,325,81.25,A
STU12356,17,Female,5.3,68.6,59,60,83,80,282,70.5,B
STU12357,17,Female,5.1,90.5,87,80,94,95,356,89.0,A
STU12358,16,Female,4.3,75.4,72,55,60,73,260,65.0,C
STU12359,20,Female,4.4,76.2,68,77,75,86,306,76.5,B
STU12360,17,Female,4.0,77.4,79,89,100,92,360,90.0,A+
STU12361,16,Male,4.0,89.1,78,77,83,87,325,81.25,A
STU12362,17,Male,5.5,91.6,86,76,76,100,338,84.5,A
STU12363,18,Male,2.8,81.0,69,63,57,71,260,65.0,C
STU12364,20,Male,2.6,81.2,83,91,80,90,344,86.0,A
STU12365,19,Female,2.5,86.6,64,54,79,84,281,70.25,B
STU12366,17,Female,8.2,87.7,91,89,100,100,380,95.0,A+
STU12367,18,Female,5.5,93.8,96,85,92,100,373,93.25,A+
STU12368,19,Female,5.0,69.2,71,72,71,78,292,73.0,B
STU12369,19,Male,2.6,82.2,65,64,72,81,282,70.5,B
STU12370,17,Male,5.6,71.3,63,80,79,80,302,75.5,B
STU12371,16,Female,4.3,81.5,70,76,68,82,296,74.0,B
STU12372,17,Female,4.9,79.7,86,91,81,84,342,85.5,A
STU12373,18,Female,2.7,81.5,80,74,64,90,308,77.0,B
STU12374,19,Female,4.8,74.0,67,74,83,76,300,75.0,B
STU12375,17,Female,3.7,67.1,72,60,51,63,246,61.5,C
STU12376,16,Female,3.1,61.1,60,54,48,66,228,57.0,D
STU12377,17,Male,5.8,80.7,61,78,76,82,297,74.25,B
STU12378,20,Female,1.7,77.7,40,61,43,55,199,49.75,F
STU12379,16,Female,5.5,75.2,90,87,80,84,341,85.25,A
STU12380,18,Male,5.7,95.2,90,95,96,100,381,95.25,A+
STU12381,19,Female,2.9,73.4,66,69,82,88,305,76.25,B
STU12382,17,Male,3.0,96.2,40,64,56,51,211,52.75,D
STU12383,16,Female,4.1,98.2,75,83,94,79,331,82.75,A
STU12384,20,Male,5.0,62.5,68,80,67,71,286,71.5,B
STU12385,16,Female,4.2,82.9,72,70,89,80,311,77.75,B
STU12386,21,Male,5.3,78.0,68,83,80,86,317,79.25,B
STU12387,20,Female,7.7,52.9,83,92,100,100,375,93.75,A+
STU12388,18,Male,3.6,67.6,78,68,79,72,297,74.25,B
STU12389,19,Male,1.4,89.7,41,61,53,64,219,54.75,D
STU12390,18,Female,6.0,100.0,76,84,87,79,326,81.5,A
STU12391,17,Female,7.5,91.0,100,86,92,100,378,94.5,A+
STU12392,16,Male,5.2,85.2,85,82,81,85,333,83.25,A
STU12393,21,Male,2.5,81.8,58,52,49,65,224,56.0,D
STU12394,20,Female,4.3,98.8,64,66,64,64,258,64.5,C
STU12395,20,Female,2.5,100.0,74,80,92,71,317,79.25,B
STU12396,16,Female,5.7,76.1,65,77,61,79,282,70.5,B
STU12397,21,Male,2.1,62.0,42,50,45,49,186,46.5,F
STU12398,16,Female,4.0,61.0,58,61,67,70,256,64.0,C
STU12399,17,Male,2.7,95.2,75,73,71,85,304,76.0,B
STU12400,18,Male,4.7,81.5,70,77,76,78,301,75.25,B
STU12401,20,Female,3.8,83.8,71,56,67,80,274,68.5,C
STU12402,17,Female,4.8,64.1,74,75,79,76,304,76.0,B
STU12403,18,Female,4.5,74.5,72,69,80,68,289,72.25,B
STU12404,17,Male,2.7,79.0,67,77,81,74,299,74.75,B
STU12405,21,Male,5.6,84.1,76,83,79,78,316,79.0,B
STU12406,20,Male,4.4,78.0,71,81,84,79,315,78.75,B
STU12407,16,Female,2.7,71.6,64,71,66,80,281,70.25,B
STU12408,16,Male,8.5,74.2,90,99,94,100,383,95.75,A+
STU12409,18,Male,5.4,94.1,92,100,87,100,379,94.75,A+
STU12410,19,Male,4.2,84.4,72,84,85,93,334,83.5,A
STU12411,21,Female,7.0,88.1,81,93,86,92,352,88.0,A
STU12412,18,Male,7.8,73.0,92,75,75,88,330,82.5,A
STU12413,19,Female,4.2,52.5,66,65,63,58,252,63.0,C
STU12414,17,Male,5.1,76.8,68,58,59,76,261,65.25,C
STU12415,21,Female,2.7,73.3,83,64,80,76,303,75.75,B
STU12416,17,Male,4.2,85.5,71,84,80,97,332,83.0,A
STU12417,20,Female,4.1,100.0,81,81,84,82,328,82.0,A
STU12418,21,Female,4.8,89.0,79,74,78,95,326,81.5,A
STU12419,19,Male,5.1,100.0,84,83,71,88,326,81.5,A
STU12420,20,Female,5.5,87.7,85,96,96,92,369,92.25,A+
STU12421,16,Male,4.9,75.7,59,69,75,76,279,69.75,C
STU12422,19,Female,2.3,85.5,63,53,80,53,249,62.25,C
STU12423,18,Female,2.8,99.8,72,72,68,82,294,73.5,B
STU12424,16,Male,3.5,100.0,66,74,80,87,307,76.75,B
STU12425,16,Male,4.0,76.2,86,68,82,87,323,80.75,A
STU12426,18,Male,6.4,84.5,84,90,92,85,351,87.75,A
STU12427,21,Male,2.4,67.7,71,80,69,86,306,76.5,B
STU12428,16,Male,3.9,90.2,65,67,100,78,310,77.5,B
STU12429,19,Male,6.2,97.5,100,93,97,100,390,97.5,A+
STU12430,20,Male,4.0,82.4,75,65,59,72,271,67.75,C
STU12431,16,Female,5.3,75.3,79,74,71,85,309,77.25,B
STU12432,19,Male,4.2,85.6,65,80,65,71,281,70.25,B
STU12433,17,Male,5.0,86.2,71,75,92,81,319,79.75,B
STU12434,19,Female,4.1,82.8,60,60,62,57,239,59.75,D
STU12435,20,Male,5.7,83.8,85,100,100,91,376,94.0,A+
STU12436,19,Male,1.7,80.3,75,76,76,82,309,77.25,B
STU12437,18,Male,3.8,92.0,77,91,94,84,346,86.5,A
STU12438,20,Female,5.0,89.4,85,76,86,78,325,81.25,A
STU12439,21,Female,5.5,72.2,65,69,76,72,282,70.5,B
STU12440,17,Male,7.2,71.9,77,73,87,87,324,81.0,A
STU12441,18,Female,3.8,79.5,90,92,83,87,352,88.0,A
STU12442,21,Female,7.2,89.4,97,100,99,100,396,99.0,A+
STU12443,19,Female,3.3,83.5,78,70,78,74,300,75.0,B
STU12444,20,Female,6.9,75.6,85,79,99,96,359,89.75,A
STU12445,17,Female,6.0,84.6,93,94,85,100,372,93.0,A+
STU12446,18,Male,2.9,78.7,72,54,49,82,257,64.25,C
STU12447,21,Male,5.1,90.8,84,80,84,88,336,84.0,A
STU12448,21,Male,4.4,85.3,96,95,98,93,382,95.5,A+
STU12449,17,Female,5.6,78.8,86,69,76,88,319,79.75,B
STU12450,19,Female,4.1,84.3,81,84,75,91,331,82.75,A
STU12451,17,Female,3.9,95.2,87,74,85,83,329,82.25,A
STU12452,21,Female,7.0,76.3,81,85,74,97,337,84.25,A
STU12453,16,Male,4.3,86.0,62,66,76,78,282,70.5,B
STU12454,18,Female,6.0,81.3,76,70,77,74,297,74.25,B
STU12455,17,Female,4.1,86.3,69,85,80,81,315,78.75,B
STU12456,21,Female,7.5,75.5,70,83,82,86,321,80.25,A
STU12457,19,Female,3.3,83.1,77,67,77,87,308,77.0,B
STU12458,21,Female,3.4,93.1,76,79,77,90,322,80.5,A
STU12459,19,Male,7.2,72.6,98,95,100,99,392,98.0,A+
STU12460,17,Female,3.7,68.7,61,47,67,60,235,58.75,D
STU12461,19,Male,7.4,69.1,100,87,84,100,371,92.75,A+
STU12462,20,Female,6.1,70.3,98,100,94,87,379,94.75,A+
STU12463,20,Female,4.2,88.0,88,74,74,82,318,79.5,B
STU12464,20,Male,1.2,67.9,54,61,43,63,221,55.25,D
STU12465,16,Female,4.5,79.0,76,65,80,82,303,75.75,B
STU12466,17,Male,4.7,88.2,87,85,78,81,331,82.75,A
STU12467,21,Male,6.6,86.2,94,88,90,90,362,90.5,A+
STU12468,21,Male,7.4,78.1,90,88,85,100,363,90.75,A+
STU12469,16,Female,3.3,83.9,76,89,80,81,326,81.5,A
STU12470,19,Female,5.9,83.1,86,75,90,89,340,85.0,A
STU12471,16,Female,5.9,79.8,80,89,100,94,363,90.75,A+
STU12472,19,Male,6.4,79.9,76,85,81,90,332,83.0,A
STU12473,19,Female,5.4,100.0,93,100,73,91,357,89.25,A
STU12474,18,Female,1.0,90.1,73,53,58,56,240,60.0,C
STU12475,21,Male,4.2,100.0,89,93,100,96,378,94.5,A+
STU12476,20,Male,2.4,77.0,74,85,74,88,321,80.25,A
STU12477,19,Male,4.1,81.2,87,79,70,89,325,81.25,A
STU12478,18,Female,6.3,68.7,95,89,87,100,371,92.75,A+
STU12479,21,Female,5.0,73.9,88,91,81,87,347,86.75,A
STU12480,20,Female,6.6,100.0,98,91,86,100,375,93.75,A+
STU12481,19,Male,5.1,76.8,64,61,70,71,266,66.5,C
STU12482,19,Female,2.2,100.0,72,76,72,83,303,75.75,B
STU12483,16,Male,0.5,69.6,56,58,62,53,229,57.25,D
STU12484,16,Male,4.8,71.5,60,65,65,70,260,65.0,C
STU12485,21,Female,4.1,78.6,65,61,69,68,263,65.75,C
STU12486,20,Male,2.7,81.4,82,68,71,83,304,76.0,B
STU12487,19,Female,1.4,91.2,67,75,62,73,277,69.25,C
STU12488,21,Male,3.2,86.5,64,62,61,69,256,64.0,C
STU12489,21,Female,4.1,77.8,69,64,57,72,262,65.5,C
STU12490,17,Male,5.7,80.7,89,83,100,100,372,93.0,A+
STU12491,16,Female,4.8,78.8,75,74,73,77,299,74.75,B
STU12492,20,Male,7.4,72.9,83,85,83,92,343,85.75,A
STU12493,19,Male,2.6,73.1,74,52,64,71,261,65.25,C
STU12494,21,Female,6.1,92.3,95,83,73,99,350,87.5,A
STU12495,19,Male,4.6,63.7,59,65,79,86,289,72.25,B
STU12496,17,Female,5.8,98.2,99,87,100,92,378,94.5,A+
STU12497,20,Female,3.7,78.6,75,73,77,75,300,75.0,B
STU12498,21,Male,6.4,74.3,79,83,89,94,345,86.25,A
STU12499,19,Male,5.0,89.4,89,72,74,83,318,79.5,B
STU12500,16,Female,3.3,96.9,82,74,71,78,305,76.25,B
STU12501,17,Female,4.5,93.2,85,100,86,96,367,91.75,A+
STU12502,20,Female,4.1,87.0,93,100,98,99,390,97.5,A+
STU12503,17,Female,5.4,92.9,81,84,89,81,335,83.75,A
STU12504,16,Female,2.4,64.8,30,49,44,42,165,41.25,F
STU12505,20,Male,4.4,76.8,80,87,85,85,337,84.25,A
STU12506,17,Female,5.2,72.9,80,72,89,72,313,78.25,B
STU12507,18,Female,4.6,94.2,81,90,78,99,348,87.0,A
STU12508,16,Male,6.9,78.2,90,81,100,93,364,91.0,A+
STU12509,16,Male,5.9,90.5,86,79,97,91,353,88.25,A
STU12510,16,Male,4.5,87.4,79,91,94,98,362,90.5,A+
STU12511,18,Male,4.9,73.4,93,94,96,95,378,94.5,A+
STU12512,18,Female,5.0,76.1,72,66,76,69,283,70.75,B
STU12513,19,Male,5.2,94.9,75,89,81,87,332,83.0,A
STU12514,21,Male,1.2,74.2,59,62,73,73,267,66.75,C
STU12515,17,Male,4.0,83.2,81,71,74,76,302,75.5,B
STU12516,19,Female,1.8,74.2,60,55,67,70,252,63.0,C
STU12517,17,Female,6.8,78.9,76,97,100,91,364,91.0,A+
STU12518,21,Male,4.4,81.5,88,86,65,98,337,84.25,A
STU12519,18,Male,4.2,74.2,82,93,93,89,357,89.25,A
STU12520,21,Female,6.1,72.4,83,68,93,89,333,83.25,A
STU12521,18,Female,5.3,84.9,84,77,63,88,312,78.0,B
STU12522,21,Male,2.5,73.6,64,62,69,74,269,67.25,C
STU12523,19,Male,4.4,73.9,74,65,69,76,284,71.0,B
STU12524,20,Male,3.9,72.6,79,76,81,83,319,79.75,B
STU12525,19,Male,1.4,81.2,70,75,68,67,280,70.0,B
STU12526,17,Female,3.3,91.4,84,100,85,87,356,89.0,A
STU12527,19,Female,4.2,97.1,76,79,87,84,326,81.5,A
STU12528,16,Female,4.3,74.7,77,73,76,81,307,76.75,B
STU12529,17,Female,1.8,100.0,91,85,94,88,358,89.5,A
STU12530,21,Male,6.6,72.0,80,86,91,94,351,87.75,A
STU12531,17,Female,4.3,92.8,98,74,75,81,328,82.0,A
STU12532,20,Female,4.6,74.8,59,73,70,75,277,69.25,C
STU12533,18,Male,5.2,73.3,85,81,76,92,334,83.5,A
STU12534,21,Male,3.1,74.6,71,65,62,67,265,66.25,C
STU12535,17,Female,5.3,81.5,92,78,100,91,361,90.25,A+
STU12536,21,Male,3.8,87.8,72,75,82,85,314,78.5,B
STU12537,21,Male,2.9,88.7,76,55,69,73,273,68.25,C
STU12538,21,Female,5.5,72.6,70,82,91,98,341,85.25,A
STU12539,18,Female,7.2,72.1,82,94,92,100,368,92.0,A+
STU12540,19,Male,5.8,72.8,96,97,75,92,360,90.0,A+
STU12541,21,Female,6.2,80.9,72,77,95,84,328,82.0,A
STU12542,16,Male,3.6,79.9,87,72,66,74,299,74.75,B
STU12543,20,Female,1.6,72.5,58,80,84,76,298,74.5,B
STU12544,18,Female,7.2,84.7,78,82,93,95,348,87.0,A
STU12545,17,Female,8.2,100.0,84,80,91,96,351,87.75,A
STU12546,18,Male,7.3,77.0,90,93,86,92,361,90.25,A+
STU12547,17,Female,3.9,77.7,81,87,100,87,355,88.75,A
STU12548,18,Female,2.4,87.6,75,76,85,85,321,80.25,A
STU12549,17,Male,2.6,76.4,74,66,66,63,269,67.25,C
STU12550,21,Male,1.5,88.7,66,60,54,58,238,59.5,D
STU12551,19,Male,4.3,74.8,68,73,67,77,285,71.25,B
STU12552,17,Male,7.4,100.0,78,95,93,90,356,89.0,A
STU12553,17,Female,4.2,85.4,65,78,75,80,298,74.5,B
STU12554,16,Male,5.0,75.8,78,81,84,79,322,80.5,A
STU12555,17,Male,7.0,76.1,84,81,77,98,340,85.0,A
STU12556,16,Female,3.8,76.9,82,79,91,82,334,83.5,A
STU12557,20,Male,8.2,95.7,97,97,100,100,394,98.5,A+
STU12558,21,Female,8.1,69.3,86,92,93,95,366,91.5,A+
STU12559,16,Male,4.3,75.3,65,51,67,62,245,61.25,C
STU12560,19,Female,3.5,76.4,63,48,59,49,219,54.75,D
STU12561,21,Female,5.8,81.8,55,72,61,82,270,67.5,C
STU12562,16,Female,3.9,79.3,69,61,86,68,284,71.0,B
STU12563,21,Male,2.4,67.1,62,65,68,79,274,68.5,C
STU12564,21,Female,6.8,78.0,56,84,74,78,292,73.0,B
STU12565,21,Male,6.7,81.0,91,92,100,100,383,95.75,A+
STU12566,20,Male,4.8,75.7,80,76,60,90,306,76.5,B
STU12567,19,Male,2.2,88.9,83,75,77,100,335,83.75,A
STU12568,18,Female,2.3,91.2,73,63,72,71,279,69.75,C
STU12569,18,Male,4.7,81.2,82,77,84,82,325,81.25,A
STU12570,16,Female,3.6,84.3,62,74,82,89,307,76.75,B
STU12571,21,Male,3.9,60.4,73,71,78,82,304,76.0,B
STU12572,16,Male,6.3,77.8,72,90,93,100,355,88.75,A
STU12573,20,Female,5.8,92.0,80,90,92,94,356,89.0,A
STU12574,20,Male,7.0,77.8,99,89,100,100,388,97.0,A+
STU12575,17,Female,2.7,74.6,63,69,56,67,255,63.75,C
STU12576,20,Male,3.9,100.0,85,76,82,100,343,85.75,A
STU12577,17,Female,5.9,100.0,70,63,70,79,282,70.5,B
STU12578,19,Female,5.3,86.7,93,88,92,100,373,93.25,A+
STU12579,16,Male,7.3,93.4,100,100,100,100,400,100.0,A+
STU12580,19,Male,5.3,59.7,72,52,64,76,264,66.0,C
STU12581,20,Female,7.8,74.1,90,79,84,100,353,88.25,A
STU12582,19,Female,5.5,77.3,85,93,85,89,352,88.0,A
STU12583,19,Male,6.4,79.6,86,81,86,98,351,87.75,A
STU12584,19,Male,3.9,77.1,74,80,60,79,293,73.25,B
STU12585,20,Female,4.5,56.5,78,62,50,74,264,66.0,C
STU12586,21,Female,6.1,85.9,83,83,84,90,340,85.0,A
STU12587,19,Male,7.4,87.4,90,100,70,100,360,90.0,A+
STU12588,17,Female,5.8,98.0,85,80,88,98,351,87.75,A
STU12589,20,Male,4.4,74.1,71,73,64,68,276,69.0,C
STU12590,19,Female,7.0,73.3,89,90,91,94,364,91.0,A+
STU12591,21,Male,0.6,55.2,64,56,62,55,237,59.25,D
STU12592,20,Female,1.9,79.1,54,67,76,72,269,67.25,C
STU12593,18,Female,5.7,91.0,68,76,83,92,319,79.75,B
STU12594,21,Female,4.5,75.9,73,76,64,82,295,73.75,B
STU12595,17,Female,5.6,100.0,90,84,81,79,334,83.5,A
STU12596,19,Female,4.6,79.4,64,64,80,77,285,71.25,B
STU12597,18,Female,5.5,83.5,78,84,79,85,326,81.5,A
STU12598,18,Male,3.0,68.4,49,64,63,68,244,61.0,C
STU12599,20,Female,5.5,84.9,87,83,90,88,348,87.0,A
STU12600,18,Female,6.3,62.2,84,70,78,91,323,80.75,A
STU12601,17,Female,6.7,88.9,81,86,87,91,345,86.25,A
STU12602,17,Male,8.1,89.2,87,73,75,90,325,81.25,A
STU12603,16,Male,4.9,95.6,87,94,67,96,344,86.0,A
STU12604,17,Male,5.0,71.8,61,62,72,72,267,66.75,C
STU12605,21,Female,1.8,83.6,69,50,64,62,245,61.25,C
STU12606,18,Male,3.5,87.6,61,65,66,62,254,63.5,C
STU12607,17,Female,4.2,86.4,77,67,66,82,292,73.0,B
STU12608,20,Female,6.4,73.3,92,94,80,87,353,88.25,A
STU12609,16,Female,3.4,58.1,71,62,78,72,283,70.75,B
STU12610,18,Female,5.9,85.5,100,93,100,100,393,98.25,A+
STU12611,16,Male,4.5,80.5,85,97,86,88,356,89.0,A
STU12612,18,Male,4.2,76.3,72,69,70,70,281,70.25,B
STU12613,20,Male,4.9,89.6,77,78,85,72,312,78.0,B
STU12614,16,Female,3.8,81.6,100,91,100,100,391,97.75,A+
STU12615,19,Male,3.7,68.8,82,66,77,90,315,78.75,B
STU12616,21,Female,1.4,62.7,67,76,54,75,272,68.0,C
STU12617,21,Male,4.1,70.7,69,74,79,78,300,75.0,B
STU12618,18,Male,3.6,100.0,76,85,75,84,320,80.0,A
STU12619,19,Male,3.6,89.2,69,69,56,74,268,67.0,C
STU12620,16,Female,5.3,83.9,78,81,95,90,344,86.0,A
STU12621,19,Female,5.7,80.2,82,85,91,90,348,87.0,A
STU12622,19,Male,4.9,79.5,80,83,76,62,301,75.25,B
STU12623,16,Female,6.3,93.7,92,84,75,96,347,86.75,A
STU12624,20,Male,5.5,77.1,94,99,100,100,393,98.25,A+
STU12625,19,Female,4.0,87.8,73,62,86,82,303,75.75,B
STU12626,19,Female,3.7,78.5,88,98,89,100,375,93.75,A+
STU12627,20,Male,5.1,100.0,77,61,68,81,287,71.75,B
STU12628,19,Female,5.5,89.4,79,87,82,82,330,82.5,A
STU12629,19,Male,7.0,94.5,75,82,77,86,320,80.0,A
STU12630,19,Female,6.6,76.2,83,75,94,77,329,82.25,A
STU12631,21,Male,3.5,92.6,70,69,68,84,291,72.75,B
STU12632,17,Female,4.3,78.9,74,77,71,90,312,78.0,B
STU12633,20,Male,5.7,83.1,88,80,99,87,354,88.5,A
STU12634,19,Female,6.4,98.4,91,84,81,96,352,88.0,A
STU12635,21,Female,6.2,71.6,56,80,72,73,281,70.25,B
STU12636,20,Female,4.4,84.0,87,99,96,91,373,93.25,A+
STU12637,18,Female,2.2,86.4,64,61,68,72,265,66.25,C
STU12638,18,Female,2.7,87.2,65,65,56,72,258,64.5,C
STU12639,19,Male,5.0,77.5,84,82,82,93,341,85.25,A
STU12640,21,Male,5.1,100.0,82,86,79,100,347,86.75,A
STU12641,21,Male,2.5,69.1,52,56,64,68,240,60.0,C
STU12642,20,Female,4.6,96.6,90,87,91,88,356,89.0,A
STU12643,20,Male,5.6,94.2,68,83,91,87,329,82.25,A
STU12644,21,Female,2.4,100.0,81,74,72,83,310,77.5,B
STU12645,20,Female,6.5,66.1,72,88,73,78,311,77.75,B
STU12646,21,Male,3.8,73.3,68,78,64,67,277,69.25,C
STU12647,17,Male,6.8,96.9,100,100,100,84,384,96.0,A+
STU12648,21,Male,3.5,63.2,98,69,67,87,321,80.25,A
STU12649,18,Male,2.7,65.9,66,81,72,73,292,73.0,B
STU12650,20,Male,3.7,77.1,87,84,69,81,321,80.25,A
STU12651,21,Male,4.3,83.9,73,79,64,82,298,74.5,B
STU12652,21,Female,3.8,97.9,73,78,63,70,284,71.0,B
STU12653,20,Female,4.1,80.1,93,86,100,100,379,94.75,A+
STU12654,17,Male,5.1,75.9,99,100,93,87,379,94.75,A+
STU12655,17,Male,4.2,85.1,73,75,74,91,313,78.25,B
STU12656,20,Male,4.4,86.7,79,84,98,100,361,90.25,A+
STU12657,16,Female,1.4,86.4,69,80,67,72,288,72.0,B
STU12658,20,Female,5.2,80.2,92,98,97,100,387,96.75,A+
STU12659,20,Male,4.3,62.4,65,64,65,75,269,67.25,C
STU12660,17,Male,7.4,72.8,99,100,99,100,398,99.5,A+
STU12661,17,Female,2.8,96.2,87,85,71,88,331,82.75,A
STU12662,20,Female,1.2,83.9,89,78,75,73,315,78.75,B
STU12663,20,Male,5.6,78.8,69,79,77,81,306,76.5,B
STU12664,20,Female,5.1,93.2,90,81,91,92,354,88.5,A
STU12665,17,Male,2.7,70.7,56,48,60,58,222,55.5,D
STU12666,20,Male,1.7,79.7,61,73,70,81,285,71.25,B
STU12667,20,Female,7.3,83.4,97,98,91,100,386,96.5,A+
STU12668,19,Female,7.0,77.6,99,100,100,100,399,99.75,A+
STU12669,16,Male,0.5,83.0,53,61,62,68,244,61.0,C
STU12670,18,Female,3.7,80.1,73,70,84,85,312,78.0,B
STU12671,16,Male,7.5,68.0,75,76,68,85,304,76.0,B
STU12672,19,Female,3.6,83.8,73,86,83,77,319,79.75,B
STU12673,18,Female,3.6,68.7,57,63,74,71,265,66.25,C
STU12674,20,Female,4.0,83.7,73,74,83,77,307,76.75,B
STU12675,19,Female,2.5,95.7,69,73,74,87,303,75.75,B
STU12676,20,Male,1.4,79.2,63,57,70,56,246,61.5,C
STU12677,17,Female,6.4,70.3,86,78,74,100,338,84.5,A
STU12678,21,Female,1.2,80.7,61,55,61,65,242,60.5,C
STU12679,19,Female,4.9,73.7,72,84,74,81,311,77.75,B
STU12680,17,Male,6.1,87.9,92,100,100,98,390,97.5,A+
STU12681,19,Female,1.9,80.5,61,77,53,75,266,66.5,C
STU12682,19,Female,2.8,99.1,72,88,71,81,312,78.0,B
STU12683,17,Male,6.7,93.6,83,62,94,88,327,81.75,A
STU12684,18,Female,5.5,80.5,72,87,67,96,322,80.5,A
STU12685,16,Male,3.4,89.2,78,75,87,88,328,82.0,A
STU12686,20,Male,6.7,78.1,80,91,78,98,347,86.75,A
STU12687,19,Female,6.7,82.3,100,99,100,100,399,99.75,A+
STU12688,20,Female,5.0,78.4,50,53,73,61,237,59.25,D
STU12689,21,Female,2.9,89.7,79,70,83,71,303,75.75,B
STU12690,17,Male,3.8,96.3,86,83,97,91,357,89.25,A
STU12691,20,Female,5.0,90.0,72,93,84,94,343,85.75,A
STU12692,17,Male,4.2,91.2,72,82,79,98,331,82.75,A
STU12693,20,Male,6.2,91.2,90,84,99,98,371,92.75,A+
STU12694,16,Male,1.7,87.5,77,90,72,80,319,79.75,B
STU12695,16,Female,1.8,70.6,58,62,63,66,249,62.25,C
STU12696,16,Female,4.8,99.0,89,92,97,95,373,93.25,A+
STU12697,16,Female,3.6,100.0,69,87,86,88,330,82.5,A
STU12698,16,Female,3.4,79.7,52,52,52,64,220,55.0,D
STU12699,16,Male,1.3,78.3,69,63,67,66,265,66.25,C
STU12700,17,Female,4.5,88.1,65,81,78,79,303,75.75,B
STU12701,19,Male,4.4,87.5,60,61,66,59,246,61.5,C
STU12702,20,Female,5.7,80.0,84,76,80,84,324,81.0,A
STU12703,16,Male,4.6,69.5,69,68,72,70,279,69.75,C
STU12704,17,Female,4.3,85.1,81,77,83,93,334,83.5,A
STU12705,17,Female,6.6,87.5,84,87,89,95,355,88.75,A
STU12706,17,Female,2.1,89.3,84,87,72,78,321,80.25,A
STU12707,19,Female,5.5,85.5,78,83,75,92,328,82.0,A
STU12708,20,Male,1.5,79.3,62,79,60,75,276,69.0,C
STU12709,19,Female,3.0,91.9,82,100,99,100,381,95.25,A+
STU12710,18,Male,2.3,82.7,84,75,71,77,307,76.75,B
STU12711,17,Female,5.9,77.4,80,92,83,99,354,88.5,A
STU12712,18,Female,4.4,80.2,85,84,98,80,347,86.75,A
STU12713,21,Male,4.5,64.5,71,57,61,75,264,66.0,C
STU12714,16,Female,2.5,80.2,74,66,77,83,300,75.0,B
STU12715,16,Female,4.0,88.9,75,75,76,85,311,77.75,B
STU12716,19,Male,3.1,85.4,60,69,69,77,275,68.75,C
STU12717,20,Female,5.2,97.2,67,73,82,90,312,78.0,B
STU12718,18,Male,2.7,79.4,77,78,73,77,305,76.25,B
STU12719,20,Female,6.9,86.9,91,83,83,80,337,84.25,A
STU12720,19,Female,1.5,89.9,81,87,92,86,346,86.5,A
STU12721,16,Female,3.0,100.0,73,80,74,83,310,77.5,B
STU12722,20,Female,7.5,83.4,85,89,71,89,334,83.5,A
STU12723,20,Male,3.7,71.6,62,67,56,80,265,66.25,C
STU12724,16,Female,2.1,90.5,69,75,80,66,290,72.5,B
STU12725,18,Male,4.9,100.0,100,100,100,100,400,100.0,A+
STU12726,16,Female,3.6,78.8,62,74,72,65,273,68.25,C
STU12727,20,Female,3.0,90.4,72,84,70,80,306,76.5,B
STU12728,18,Male,2.5,94.3,80,73,59,63,275,68.75,C
STU12729,18,Male,9.5,92.2,100,100,100,100,400,100.0,A+
STU12730,16,Female,4.0,83.3,79,73,72,72,296,74.0,B
STU12731,20,Female,1.0,75.0,45,49,44,50,188,47.0,F
STU12732,19,Male,7.2,81.2,94,84,77,100,355,88.75,A
STU12733,20,Male,5.6,86.6,85,88,69,95,337,84.25,A
STU12734,17,Male,3.1,91.1,58,63,76,75,272,68.0,C
STU12735,21,Female,2.8,85.3,70,79,59,64,272,68.0,C
STU12736,19,Male,5.7,78.2,87,90,95,100,372,93.0,A+
STU12737,18,Female,4.1,87.6,63,95,73,79,310,77.5,B
STU12738,19,Male,1.0,90.6,56,52,62,61,231,57.75,D
STU12739,18,Female,7.7,85.8,91,90,92,100,373,93.25,A+
STU12740,18,Male,3.7,73.6,73,70,72,66,281,70.25,B
STU12741,19,Female,7.2,80.2,76,72,80,82,310,77.5,B
STU12742,18,Male,6.8,91.5,100,100,100,100,400,100.0,A+
STU12743,18,Female,2.7,68.2,90,66,69,78,303,75.75,B
STU12744,17,Male,6.4,61.1,82,87,100,91,360,90.0,A+
STU12745,20,Female,3.3,97.1,85,84,78,87,334,83.5,A
STU12746,20,Female,1.1,87.1,47,53,49,51,200,50.0,D
STU12747,21,Male,3.7,88.1,82,79,78,100,339,84.75,A
STU12748,21,Female,5.2,71.2,70,75,74,83,302,75.5,B
STU12749,17,Female,3.7,89.4,60,71,66,74,271,67.75,C
STU12750,21,Male,3.9,84.8,72,71,75,81,299,74.75,B
STU12751,19,Male,6.6,66.2,92,88,88,100,368,92.0,A+
STU12752,16,Male,4.7,96.2,79,77,91,99,346,86.5,A
STU12753,16,Female,3.0,83.6,82,91,64,75,312,78.0,B
STU12754,16,Female,5.8,78.0,72,87,86,99,344,86.0,A
STU12755,17,Male,4.9,78.2,65,67,77,76,285,71.25,B
STU12756,17,Female,0.5,61.8,50,64,55,75,244,61.0,C
STU12757,18,Female,5.3,87.9,96,78,70,91,335,83.75,A
STU12758,16,Female,5.2,84.6,74,95,93,91,353,88.25,A
STU12759,19,Female,4.5,80.1,86,80,80,75,321,80.25,A
STU12760,21,Female,6.1,94.8,87,90,100,100,377,94.25,A+
STU12761,19,Female,3.3,68.2,45,47,54,44,190,47.5,F
STU12762,21,Male,5.1,76.0,83,75,93,88,339,84.75,A
STU12763,16,Female,1.7,73.5,66,73,65,78,282,70.5,B
STU12764,16,Female,5.2,79.2,76,88,91,81,336,84.0,A
STU12765,16,Male,8.0,82.7,76,87,91,100,354,88.5,A
STU12766,17,Female,2.7,86.3,64,68,58,60,250,62.5,C
STU12767,21,Female,3.1,78.5,78,63,77,86,304,76.0,B
STU12768,17,Female,3.2,73.2,64,58,61,72,255,63.75,C
STU12769,17,Male,4.7,98.9,90,91,100,94,375,93.75,A+
STU12770,20,Male,2.6,100.0,65,75,70,81,291,72.75,B
STU12771,19,Female,5.3,83.4,86,95,94,100,375,93.75,A+
STU12772,19,Female,6.0,74.4,89,77,94,92,352,88.0,A
STU12773,18,Male,5.5,96.8,91,81,81,100,353,88.25,A
STU12774,17,Female,1.3,67.5,60,62,70,52,244,61.0,C
STU12775,21,Female,6.3,78.7,94,100,84,100,378,94.5,A+
STU12776,20,Male,6.2,75.0,80,95,77,88,340,85.0,A
STU12777,20,Male,6.0,70.4,93,94,82,81,350,87.5,A
STU12778,19,Male,5.2,79.2,85,91,79,88,343,85.75,A
STU12779,17,Female,4.9,73.4,87,91,100,94,372,93.0,A+
STU12780,18,Male,6.4,82.1,66,69,75,85,295,73.75,B
STU12781,17,Male,8.0,82.3,82,91,59,99,331,82.75,A
STU12782,16,Male,2.8,75.8,65,62,65,76,268,67.0,C
STU12783,17,Male,6.4,78.3,77,78,78,82,315,78.75,B
STU12784,16,Male,4.3,79.7,86,76,74,79,315,78.75,B
STU12785,16,Male,4.3,90.1,87,86,74,96,343,85.75,A
STU12786,18,Female,1.7,80.5,66,65,66,65,262,65.5,C
STU12787,21,Female,4.0,90.2,70,75,71,69,285,71.25,B
STU12788,19,Male,2.7,87.9,75,88,74,91,328,82.0,A
STU12789,17,Male,3.7,87.7,83,68,70,90,311,77.75,B
STU12790,16,Female,2.5,95.9,82,66,78,75,301,75.25,B
STU12791,17,Male,3.7,70.8,72,84,89,97,342,85.5,A
STU12792,21,Male,3.8,77.3,77,83,77,81,318,79.5,B
STU12793,19,Male,4.7,99.6,100,100,87,100,387,96.75,A+
STU12794,21,Male,1.6,79.4,53,53,67,62,235,58.75,D
STU12795,19,Female,1.9,53.8,78,72,82,85,317,79.25,B
STU12796,20,Male,5.2,80.0,64,62,85,69,280,70.0,B
STU12797,19,Female,3.1,83.3,58,73,70,79,280,70.0,B
STU12798,18,Male,6.4,55.8,71,81,74,76,302,75.5,B
STU12799,21,Male,4.9,95.3,93,92,98,90,373,93.25,A+
STU12800,16,Female,5.6,74.9,75,74,73,88,310,77.5,B
STU12801,20,Male,7.0,85.3,100,95,97,100,392,98.0,A+
STU12802,18,Female,3.9,79.7,71,64,70,79,284,71.0,B
STU12803,17,Male,3.5,69.1,78,89,72,81,320,80.0,A
STU12804,21,Female,6.1,71.3,78,76,71,89,314,78.5,B
STU12805,16,Male,5.4,72.6,88,90,100,99,377,94.25,A+
STU12806,19,Female,4.2,92.9,77,76,65,74,292,73.0,B
STU12807,16,Male,7.0,80.5,79,84,69,81,313,78.25,B
STU12808,17,Female,4.1,76.8,84,94,86,76,340,85.0,A
STU12809,20,Male,4.6,72.7,66,69,72,84,291,72.75,B
STU12810,20,Female,4.5,94.0,69,89,72,93,323,80.75,A
STU12811,21,Male,2.8,96.6,68,73,69,94,304,76.0,B
STU12812,20,Female,4.6,93.8,72,67,66,75,280,70.0,B
STU12813,21,Male,7.0,86.9,85,84,85,93,347,86.75,A
STU12814,21,Male,5.3,84.9,93,84,100,88,365,91.25,A+
STU12815,21,Female,4.6,69.8,80,78,81,94,333,83.25,A
STU12816,19,Male,4.2,79.5,80,86,72,87,325,81.25,A
STU12817,18,Male,5.1,75.2,80,92,100,100,372,93.0,A+
STU12818,21,Female,5.8,63.7,70,61,78,71,280,70.0,B
STU12819,21,Female,5.6,92.6,77,71,90,94,332,83.0,A
STU12820,18,Male,3.9,75.0,65,69,71,79,284,71.0,B
STU12821,16,Female,5.1,94.0,81,77,93,97,348,87.0,A
STU12822,21,Female,5.4,90.8,92,80,90,92,354,88.5,A
STU12823,19,Male,2.7,87.6,51,70,64,57,242,60.5,C
STU12824,20,Female,4.8,88.1,64,60,51,69,244,61.0,C
STU12825,20,Female,0.6,75.8,71,78,67,57,273,68.25,C
STU12826,17,Female,5.4,100.0,100,77,100,88,365,91.25,A+
STU12827,17,Male,5.7,82.4,86,88,93,90,357,89.25,A
STU12828,20,Female,5.8,85.0,75,86,79,83,323,80.75,A
STU12829,20,Male,3.8,75.5,58,73,67,71,269,67.25,C
STU12830,19,Male,5.1,72.7,85,75,78,85,323,80.75,A
STU12831,18,Male,7.1,86.8,90,100,92,100,382,95.5,A+
STU12832,17,Female,7.0,84.2,84,93,88,95,360,90.0,A+
STU12833,18,Female,4.4,74.1,68,77,94,89,328,82.0,A
STU12834,19,Female,4.8,67.6,72,69,79,65,285,71.25,B
STU12835,20,Female,6.5,69.3,89,86,76,89,340,85.0,A
STU12836,21,Male,1.8,94.0,74,65,81,81,301,75.25,B
STU12837,18,Male,3.9,75.9,71,95,91,88,345,86.25,A
STU12838,20,Male,6.9,78.6,92,83,95,99,369,92.25,A+
STU12839,20,Male,6.3,96.5,91,100,100,100,391,97.75,A+
STU12840,16,Female,5.2,70.8,66,58,60,78,262,65.5,C
STU12841,18,Female,1.8,74.7,66,66,63,71,266,66.5,C
STU12842,21,Male,4.4,74.3,78,69,84,87,318,79.5,B
STU12843,18,Male,3.4,98.2,85,81,74,91,331,82.75,A
STU12844,20,Male,5.1,100.0,78,68,72,89,307,76.75,B
STU12845,21,Male,3.0,89.5,72,93,91,94,350,87.5,A
STU12846,19,Female,2.7,89.8,75,75,67,71,288,72.0,B
STU12847,16,Female,0.8,76.2,52,60,60,48,220,55.0,D
STU12848,20,Female,6.7,100.0,85,90,87,97,359,89.75,A
STU12849,17,Male,3.8,84.7,61,81,76,88,306,76.5,B
STU12850,17,Male,4.8,90.5,100,100,100,100,400,100.0,A+
STU12851,16,Male,4.5,80.9,94,87,83,93,357,89.25,A
STU12852,19,Female,2.6,79.3,73,84,69,62,288,72.0,B
STU12853,20,Female,2.2,98.6,66,69,68,77,280,70.0,B
STU12854,18,Male,2.7,87.4,61,88,80,84,313,78.25,B
STU12855,16,Female,3.2,96.5,89,88,78,73,328,82.0,A
STU12856,19,Female,5.2,84.6,60,54,57,66,237,59.25,D
STU12857,18,Female,3.1,73.5,71,66,82,69,288,72.0,B
STU12858,17,Female,7.6,76.2,96,82,81,93,352,88.0,A
STU12859,17,Female,6.3,83.0,80,83,72,88,323,80.75,A
STU12860,18,Female,6.0,75.7,90,100,95,97,382,95.5,A+
STU12861,16,Male,4.3,70.9,91,93,76,95,355,88.75,A
STU12862,17,Male,7.2,94.0,96,98,100,100,394,98.5,A+
STU12863,20,Male,4.1,76.6,87,89,93,86,355,88.75,A
STU12864,21,Male,4.4,83.4,85,93,81,99,358,89.5,A
STU12865,18,Female,4.8,85.0,75,81,57,72,285,71.25,B
STU12866,18,Female,5.8,76.1,59,69,68,80,276,69.0,C
STU12867,17,Male,5.6,96.5,100,93,84,91,368,92.0,A+
STU12868,16,Female,3.6,70.8,72,64,78,63,277,69.25,C
STU12869,20,Male,3.5,84.6,58,57,68,74,257,64.25,C
STU12870,16,Male,5.7,84.5,83,61,85,87,316,79.0,B
STU12871,19,Male,5.8,81.5,82,98,85,96,361,90.25,A+
STU12872,19,Male,3.8,69.0,80,69,84,79,312,78.0,B
STU12873,21,Male,1.6,90.7,72,59,69,61,261,65.25,C
STU12874,17,Female,4.1,89.4,80,63,82,83,308,77.0,B
STU12875,17,Male,5.6,75.2,90,76,91,91,348,87.0,A
STU12876,17,Female,7.7,89.1,78,72,71,96,317,79.25,B
STU12877,21,Male,2.3,85.7,73,63,80,69,285,71.25,B
STU12878,19,Male,3.7,69.2,68,62,59,62,251,62.75,C
STU12879,16,Male,3.8,73.5,77,79,81,86,323,80.75,A
STU12880,21,Female,6.9,93.4,78,69,78,87,312,78.0,B
STU12881,21,Male,4.4,85.1,92,77,72,91,332,83.0,A
STU12882,16,Female,2.9,76.4,70,57,75,80,282,70.5,B
STU12883,17,Female,5.5,73.4,69,88,62,72,291,72.75,B
STU12884,20,Female,3.8,76.8,60,86,69,72,287,71.75,B
STU12885,16,Female,2.3,77.6,58,54,58,54,224,56.0,D
STU12886,19,Male,2.9,73.5,55,57,56,83,251,62.75,C
STU12887,18,Male,7.6,64.6,72,81,72,91,316,79.0,B
STU12888,18,Male,5.2,93.4,72,80,82,77,311,77.75,B
STU12889,21,Female,4.7,91.7,80,87,83,90,340,85.0,A
STU12890,18,Male,4.1,69.3,68,69,62,69,268,67.0,C
STU12891,20,Male,5.0,83.4,77,73,64,63,277,69.25,C
STU12892,17,Female,5.0,73.0,82,72,81,87,322,80.5,A
STU12893,19,Male,5.0,79.4,82,81,77,78,318,79.5,B
STU12894,20,Female,4.7,78.6,83,85,67,89,324,81.0,A
STU12895,19,Female,6.1,77.7,68,81,85,86,320,80.0,A
STU12896,19,Male,4.5,100.0,82,85,74,90,331,82.75,A
STU12897,17,Male,2.7,77.6,60,70,82,86,298,74.5,B
STU12898,21,Male,3.4,73.9,74,86,70,82,312,78.0,B
STU12899,18,Female,0.9,74.4,29,35,66,50,180,45.0,F
STU12900,17,Female,8.1,92.4,80,90,91,90,351,87.75,A
STU12901,20,Female,6.1,65.5,98,84,95,93,370,92.5,A+
STU12902,21,Female,3.0,74.4,61,82,75,71,289,72.25,B
STU12903,20,Female,4.0,96.5,93,79,72,91,335,83.75,A
STU12904,21,Male,3.4,84.4,74,72,80,74,300,75.0,B
STU12905,20,Male,7.3,83.9,91,78,84,88,341,85.25,A
STU12906,17,Female,1.9,100.0,72,59,70,74,275,68.75,C
STU12907,21,Male,4.7,84.5,96,100,94,98,388,97.0,A+
STU12908,21,Male,4.3,74.9,77,84,73,92,326,81.5,A
STU12909,19,Female,6.0,79.2,78,81,79,87,325,81.25,A
STU12910,19,Male,4.3,70.6,60,66,62,72,260,65.0,C
STU12911,16,Female,1.3,94.6,78,91,85,93,347,86.75,A
STU12912,20,Female,4.0,87.7,66,71,77,94,308,77.0,B
STU12913,19,Male,2.8,93.2,76,70,68,85,299,74.75,B
STU12914,16,Female,4.6,94.1,85,88,100,92,365,91.25,A+
STU12915,19,Male,7.1,77.9,78,80,87,89,334,83.5,A
STU12916,20,Male,1.4,72.6,73,70,72,80,295,73.75,B
STU12917,21,Male,3.1,81.5,58,71,65,64,258,64.5,C
STU12918,18,Male,3.5,73.3,61,59,57,63,240,60.0,C
STU12919,20,Female,3.8,83.6,92,90,87,91,360,90.0,A+
STU12920,17,Male,5.8,93.3,91,90,89,91,361,90.25,A+
STU12921,19,Male,4.2,80.3,88,85,92,91,356,89.0,A
STU12922,19,Male,5.2,83.5,79,82,100,83,344,86.0,A
STU12923,21,Female,3.4,81.1,83,84,91,82,340,85.0,A
STU12924,17,Female,4.9,90.0,61,73,56,74,264,66.0,C
STU12925,21,Male,5.9,75.3,74,82,74,77,307,76.75,B
STU12926,17,Male,3.2,60.0,61,75,67,73,276,69.0,C
STU12927,18,Male,5.9,86.7,73,81,76,85,315,78.75,B
STU12928,19,Male,4.6,91.9,81,80,85,89,335,83.75,A
STU12929,19,Female,6.4,86.5,92,89,80,99,360,90.0,A+
STU12930,18,Female,4.1,75.6,77,93,93,88,351,87.75,A
STU12931,16,Male,5.2,70.6,80,77,61,75,293,73.25,B
STU12932,21,Male,4.4,86.9,79,93,70,92,334,83.5,A
STU12933,18,Male,4.3,83.4,81,67,74,93,315,78.75,B
STU12934,21,Female,5.0,80.7,85,91,85,100,361,90.25,A+
STU12935,20,Male,5.5,100.0,79,78,68,89,314,78.5,B
STU12936,19,Female,2.3,72.5,80,78,73,82,313,78.25,B
STU12937,21,Female,7.1,99.8,98,96,100,100,394,98.5,A+
STU12938,17,Male,1.2,82.3,81,78,72,78,309,77.25,B
STU12939,21,Female,3.3,63.6,82,82,82,83,329,82.25,A
STU12940,20,Female,4.3,80.2,80,73,72,85,310,77.5,B
STU12941,19,Female,5.2,91.6,71,76,76,80,303,75.75,B
STU12942,18,Male,7.3,78.3,86,92,87,100,365,91.25,A+
STU12943,20,Male,1.2,67.3,49,48,41,47,185,46.25,F
STU12944,19,Female,3.6,80.4,86,85,78,90,339,84.75,A
STU12945,21,Female,0.7,73.4,48,56,44,62,210,52.5,D
STU12946,16,Female,4.6,86.9,83,64,84,83,314,78.5,B
STU12947,16,Female,5.0,89.7,99,93,90,93,375,93.75,A+
STU12948,17,Female,7.4,71.4,72,85,82,90,329,82.25,A
STU12949,19,Female,4.7,74.9,72,77,83,83,315,78.75,B
STU12950,16,Male,6.4,89.6,80,96,93,93,362,90.5,A+
STU12951,18,Female,5.6,73.4,67,52,64,77,260,65.0,C
STU12952,19,Female,3.7,71.2,66,68,61,72,267,66.75,C
STU12953,18,Female,2.0,70.2,42,38,56,47,183,45.75,F
STU12954,18,Female,5.0,85.5,72,68,67,75,282,70.5,B
STU12955,16,Male,1.8,85.1,78,74,80,81,313,78.25,B
STU12956,19,Female,6.8,75.2,90,94,77,95,356,89.0,A
STU12957,21,Female,4.2,82.1,72,74,80,87,313,78.25,B
STU12958,20,Male,6.7,97.3,92,87,100,100,379,94.75,A+
STU12959,16,Male,3.6,72.3,66,62,48,68,244,61.0,C
STU12960,16,Male,5.0,62.5,72,81,79,88,320,80.0,A
STU12961,21,Male,4.9,86.6,100,100,100,100,400,100.0,A+
STU12962,19,Male,4.4,80.9,82,88,99,100,369,92.25,A+
STU12963,19,Male,3.7,74.9,60,69,77,73,279,69.75,C
STU12964,18,Female,5.2,88.5,70,72,77,93,312,78.0,B
STU12965,21,Female,2.8,90.4,50,62,64,72,248,62.0,C
STU12966,21,Female,2.3,59.9,60,44,70,51,225,56.25,D
STU12967,19,Female,6.7,75.5,91,100,80,100,371,92.75,A+
STU12968,18,Male,5.8,100.0,92,78,88,84,342,85.5,A
STU12969,16,Male,4.6,87.8,79,95,97,85,356,89.0,A
STU12970,17,Female,7.5,88.8,100,100,98,96,394,98.5,A+
STU12971,20,Male,4.0,93.7,81,83,71,90,325,81.25,A
STU12972,16,Female,6.9,82.2,89,88,80,86,343,85.75,A
STU12973,19,Female,4.8,90.0,71,59,72,71,273,68.25,C
STU12974,20,Female,2.7,89.2,72,75,69,87,303,75.75,B
STU12975,17,Female,7.8,87.4,100,95,84,93,372,93.0,A+
STU12976,17,Male,6.3,78.8,90,84,93,84,351,87.75,A
STU12977,18,Male,4.3,83.7,80,85,86,81,332,83.0,A
STU12978,20,Female,5.8,76.1,81,99,85,96,361,90.25,A+
STU12979,18,Male,3.8,82.1,70,76,73,81,300,75.0,B
STU12980,16,Female,6.0,70.3,78,77,78,89,322,80.5,A
STU12981,21,Male,0.5,74.1,60,55,58,66,239,59.75,D
STU12982,21,Female,2.7,79.2,51,55,74,60,240,60.0,C
STU12983,21,Female,6.3,72.6,79,74,82,77,312,78.0,B
STU12984,20,Female,4.1,76.9,50,60,79,69,258,64.5,C
STU12985,21,Male,4.9,80.4,87,88,89,92,356,89.0,A
STU12986,16,Male,2.1,86.0,70,63,67,76,276,69.0,C
STU12987,18,Female,7.8,91.5,100,99,100,100,399,99.75,A+
STU12988,20,Male,6.6,77.4,66,75,78,69,288,72.0,B
STU12989,18,Female,4.1,95.4,79,64,63,70,276,69.0,C
STU12990,20,Female,3.8,91.4,65,75,98,86,324,81.0,A
STU12991,18,Female,6.4,87.0,77,72,83,97,329,82.25,A
STU12992,17,Female,8.1,83.5,79,87,87,100,353,88.25,A
STU12993,18,Male,6.2,85.2,84,76,80,93,333,83.25,A
STU12994,21,Female,8.4,93.9,100,100,100,100,400,100.0,A+
STU12995,17,Female,2.8,94.2,67,62,86,86,301,75.25,B
STU12996,18,Male,3.0,95.3,91,92,71,96,350,87.5,A
STU12997,20,Female,2.4,82.4,81,86,88,83,338,84.5,A
STU12998,20,Male,5.3,87.5,96,96,93,85,370,92.5,A+
STU12999,20,Male,4.8,95.4,72,78,72,76,298,74.5,B
STU13000,19,Male,4.2,75.8,91,76,94,81,342,85.5,A
STU13001,16,Female,6.0,78.8,80,69,83,86,318,79.5,B
STU13002,20,Male,6.7,82.2,78,74,78,76,306,76.5,B
STU13003,17,Female,1.8,91.0,81,86,82,90,339,84.75,A
STU13004,20,Female,3.4,91.2,65,64,81,73,283,70.75,B
STU13005,19,Male,6.0,79.7,78,72,89,88,327,81.75,A
STU13006,21,Male,3.7,66.9,61,65,48,66,240,60.0,C
STU13007,17,Female,3.1,84.5,65,86,76,67,294,73.5,B
STU13008,19,Male,6.3,72.8,78,79,91,80,328,82.0,A
STU13009,21,Female,2.2,67.1,48,49,67,63,227,56.75,D
STU13010,17,Male,4.0,69.4,74,71,82,98,325,81.25,A
STU13011,18,Female,5.1,85.3,81,81,68,80,310,77.5,B
STU13012,16,Female,3.5,95.6,85,100,100,94,379,94.75,A+
STU13013,16,Male,5.9,82.4,85,89,84,93,351,87.75,A
STU13014,19,Male,3.5,84.1,78,75,91,81,325,81.25,A
STU13015,21,Male,7.0,93.8,94,100,100,100,394,98.5,A+
STU13016,16,Male,4.3,66.6,75,67,90,77,309,77.25,B
STU13017,21,Female,5.7,87.2,93,77,93,100,363,90.75,A+
STU13018,21,Female,5.8,81.9,88,95,76,100,359,89.75,A
STU13019,19,Male,3.4,87.7,56,57,63,68,244,61.0,C
STU13020,19,Female,0.8,77.2,64,71,52,59,246,61.5,C
STU13021,19,Female,5.1,73.8,91,79,100,90,360,90.0,A+
STU13022,16,Male,4.6,83.4,71,77,82,79,309,77.25,B
STU13023,19,Male,5.5,98.5,93,94,95,97,379,94.75,A+
STU13024,16,Female,4.1,90.6,72,81,81,80,314,78.5,B
STU13025,19,Female,3.7,76.9,66,64,58,74,262,65.5,C
STU13026,20,Female,8.1,68.6,77,78,77,81,313,78.25,B
STU13027,21,Female,1.8,65.2,48,54,51,52,205,51.25,D
STU13028,19,Male,5.8,95.2,94,96,100,93,383,95.75,A+
STU13029,17,Female,3.5,72.4,59,42,43,56,200,50.0,D
STU13030,21,Female,3.9,78.7,70,60,64,65,259,64.75,C
STU13031,21,Female,3.9,95.2,75,58,71,80,284,71.0,B
STU13032,19,Male,3.1,65.9,62,71,61,69,263,65.75,C
STU13033,18,Male,5.5,96.9,81,69,61,79,290,72.5,B
STU13034,19,Male,7.0,79.5,94,97,70,100,361,90.25,A+
STU13035,21,Female,5.3,70.5,67,71,54,75,267,66.75,C
STU13036,17,Male,4.7,79.5,85,80,97,85,347,86.75,A
STU13037,21,Male,2.7,74.8,69,62,64,64,259,64.75,C
STU13038,17,Male,5.4,86.4,77,79,90,88,334,83.5,A
STU13039,16,Male,8.4,75.5,79,88,89,99,355,88.75,A
STU13040,20,Female,3.8,62.9,71,78,72,75,296,74.0,B
STU13041,21,Female,3.8,79.8,82,92,89,89,352,88.0,A
STU13042,19,Female,3.5,68.4,77,74,80,72,303,75.75,B
STU13043,16,Male,3.6,84.0,76,77,86,85,324,81.0,A
STU13044,20,Female,0.5,70.1,61,70,64,52,247,61.75,C
STU13045,19,Male,5.2,77.1,76,85,78,84,323,80.75,A
STU13046,18,Male,3.0,83.8,73,66,79,97,315,78.75,B
STU13047,19,Male,1.6,79.9,77,83,74,86,320,80.0,A
STU13048,17,Male,5.9,84.5,88,95,88,94,365,91.25,A+
STU13049,17,Male,2.6,88.8,85,88,89,97,359,89.75,A
STU13050,18,Female,3.9,70.4,78,79,64,79,300,75.0,B
STU13051,16,Female,7.1,81.4,86,80,94,91,351,87.75,A
STU13052,20,Female,2.0,50.0,49,66,51,54,220,55.0,D
STU13053,19,Male,1.7,84.5,82,72,60,71,285,71.25,B
STU13054,17,Male,5.0,79.0,89,84,83,79,335,83.75,A
STU13055,16,Male,6.6,72.2,100,100,100,100,400,100.0,A+
STU13056,18,Female,1.7,85.2,69,82,71,76,298,74.5,B
STU13057,21,Female,5.2,93.7,73,75,71,80,299,74.75,B
STU13058,17,Female,5.5,77.2,74,77,71,83,305,76.25,B
STU13059,18,Male,0.8,72.6,71,79,76,78,304,76.0,B
STU13060,19,Female,5.9,83.7,79,78,83,91,331,82.75,A
STU13061,20,Male,6.1,68.6,79,75,88,95,337,84.25,A
STU13062,17,Female,3.9,75.4,65,56,65,73,259,64.75,C
STU13063,17,Female,6.8,94.2,90,100,100,100,390,97.5,A+
STU13064,19,Female,6.5,82.6,88,89,91,97,365,91.25,A+
STU13065,21,Female,4.7,63.2,64,43,73,74,254,63.5,C
STU13066,16,Male,3.7,64.0,60,64,63,61,248,62.0,C
STU13067,20,Female,2.7,83.6,79,76,69,79,303,75.75,B
STU13068,17,Female,4.4,90.6,94,67,74,90,325,81.25,A
STU13069,20,Male,5.5,65.8,88,78,87,91,344,86.0,A
STU13070,17,Male,3.9,86.5,71,75,92,84,322,80.5,A
STU13071,20,Male,0.5,95.3,59,57,62,63,241,60.25,C
STU13072,18,Male,6.8,100.0,91,97,84,100,372,93.0,A+
STU13073,17,Male,4.8,85.3,81,78,78,78,315,78.75,B
STU13074,20,Female,3.8,87.1,78,69,68,72,287,71.75,B
STU13075,16,Male,6.0,60.7,75,85,73,74,307,76.75,B
STU13076,18,Male,7.2,100.0,91,98,84,100,373,93.25,A+
STU13077,18,Female,0.5,76.2,64,40,51,60,215,53.75,D
STU13078,16,Female,5.3,72.7,83,79,87,98,347,86.75,A
STU13079,20,Female,1.9,79.4,55,66,56,76,253,63.25,C
STU13080,19,Male,5.4,97.1,88,73,73,81,315,78.75,B
STU13081,16,Female,4.7,100.0,69,95,74,88,326,81.5,A
STU13082,20,Female,5.6,83.3,59,86,75,89,309,77.25,B
STU13083,16,Male,3.6,92.0,82,72,71,92,317,79.25,B
STU13084,16,Male,1.1,82.4,72,59,66,78,275,68.75,C
STU13085,17,Female,3.7,71.6,81,85,69,85,320,80.0,A
STU13086,20,Female,5.2,96.8,85,91,95,98,369,92.25,A+
STU13087,19,Female,6.3,75.8,85,89,81,72,327,81.75,A
STU13088,17,Female,2.4,97.4,62,57,58,60,237,59.25,D
STU13089,16,Female,6.3,95.0,82,87,91,83,343,85.75,A
STU13090,21,Female,3.3,88.1,75,62,62,62,261,65.25,C
STU13091,16,Male,5.2,100.0,91,97,97,100,385,96.25,A+
STU13092,16,Male,3.6,100.0,96,89,100,92,377,94.25,A+
STU13093,20,Male,4.8,80.2,91,91,77,83,342,85.5,A
STU13094,20,Female,6.1,73.9,91,86,100,91,368,92.0,A+
STU13095,17,Female,2.3,63.4,73,64,64,85,286,71.5,B
STU13096,19,Female,3.3,100.0,84,80,73,85,322,80.5,A
STU13097,17,Male,4.8,77.6,67,76,62,77,282,70.5,B
STU13098,18,Female,8.8,93.4,100,100,100,100,400,100.0,A+
STU13099,16,Male,2.9,74.6,65,68,73,54,260,65.0,C
STU13100,21,Male,8.2,97.4,96,89,100,100,385,96.25,A+
STU13101,16,Female,8.1,75.0,80,86,92,100,358,89.5,A
STU13102,16,Female,4.3,70.1,95,98,100,94,387,96.75,A+
STU13103,17,Female,4.0,79.9,90,74,68,98,330,82.5,A
STU13104,21,Male,3.3,76.7,74,74,77,76,301,75.25,B
STU13105,21,Female,4.4,88.0,72,70,80,82,304,76.0,B
STU13106,21,Male,2.0,81.5,69,74,84,82,309,77.25,B
STU13107,17,Male,4.4,88.3,79,91,67,91,328,82.0,A
STU13108,16,Female,7.2,79.1,81,96,84,100,361,90.25,A+
STU13109,17,Female,3.4,75.3,60,79,71,78,288,72.0,B
STU13110,20,Female,4.1,76.2,70,77,81,70,298,74.5,B
STU13111,20,Male,1.4,100.0,64,69,86,71,290,72.5,B
STU13112,17,Female,5.2,84.3,67,61,61,66,255,63.75,C
STU13113,21,Male,5.0,62.2,60,59,53,75,247,61.75,C
STU13114,16,Female,4.6,76.8,74,78,87,76,315,78.75,B
STU13115,17,Male,4.1,83.0,76,100,100,100,376,94.0,A+
STU13116,17,Male,4.0,100.0,77,74,93,97,341,85.25,A
STU13117,17,Female,5.4,92.3,72,75,74,80,301,75.25,B
STU13118,18,Female,4.4,72.8,54,57,87,66,264,66.0,C
STU13119,20,Male,5.1,100.0,88,99,98,94,379,94.75,A+
STU13120,21,Male,4.9,81.7,66,88,70,83,307,76.75,B
STU13121,19,Female,6.5,94.5,93,97,100,100,390,97.5,A+
STU13122,21,Male,5.7,70.4,83,86,77,96,342,85.5,A
STU13123,19,Male,4.8,58.0,69,77,72,79,297,74.25,B
STU13124,18,Male,7.2,67.9,87,89,92,100,368,92.0,A+
STU13125,17,Male,5.3,50.0,65,81,76,89,311,77.75,B
STU13126,18,Female,6.8,100.0,83,95,93,98,369,92.25,A+
STU13127,18,Female,5.6,84.1,76,81,79,84,320,80.0,A
STU13128,16,Female,1.2,72.8,58,59,64,66,247,61.75,C
STU13129,20,Female,6.8,86.5,75,57,52,83,267,66.75,C
STU13130,19,Male,4.7,83.9,88,78,81,91,338,84.5,A
STU13131,17,Male,4.4,88.2,88,93,90,100,371,92.75,A+
STU13132,19,Male,5.0,94.1,87,92,84,98,361,90.25,A+
STU13133,21,Male,3.9,79.1,68,75,71,83,297,74.25,B
STU13134,19,Male,4.9,73.2,61,72,51,85,269,67.25,C
STU13135,21,Female,3.4,90.3,84,79,78,100,341,85.25,A
STU13136,20,Female,6.8,90.0,82,76,100,93,351,87.75,A
STU13137,21,Male,4.3,83.0,98,97,98,94,387,96.75,A+
STU13138,19,Female,3.8,100.0,61,64,72,71,268,67.0,C
STU13139,19,Female,2.8,77.6,66,62,53,70,251,62.75,C
STU13140,21,Female,5.0,73.0,63,65,78,82,288,72.0,B
STU13141,18,Female,4.8,86.2,62,80,80,69,291,72.75,B
STU13142,20,Female,5.2,75.3,74,71,81,84,310,77.5,B
STU13143,16,Female,2.7,87.0,67,70,66,74,277,69.25,C
STU13144,17,Female,1.6,73.7,53,63,52,58,226,56.5,D
STU13145,19,Female,5.6,78.0,44,66,65,64,239,59.75,D
STU13146,17,Male,7.2,100.0,100,100,94,100,394,98.5,A+
STU13147,16,Male,2.7,77.9,50,53,61,51,215,53.75,D
STU13148,17,Female,7.4,74.0,92,97,79,100,368,92.0,A+
STU13149,16,Male,5.0,93.7,81,72,82,89,324,81.0,A
STU13150,21,Male,4.5,71.5,92,92,98,100,382,95.5,A+
STU13151,18,Female,3.8,75.1,76,95,82,91,344,86.0,A
STU13152,19,Male,2.0,87.8,63,66,70,58,257,64.25,C
STU13153,16,Female,6.3,91.4,84,83,74,97,338,84.5,A
STU13154,17,Female,3.1,94.2,80,88,82,100,350,87.5,A
STU13155,19,Female,3.1,74.5,65,55,63,69,252,63.0,C
STU13156,18,Female,6.3,88.0,96,91,95,100,382,95.5,A+
STU13157,21,Male,1.1,77.3,64,67,64,63,258,64.5,C
STU13158,19,Female,1.8,75.9,62,60,71,63,256,64.0,C
STU13159,16,Female,4.5,94.0,62,67,72,91,292,73.0,B
STU13160,18,Female,5.0,76.5,82,83,77,91,333,83.25,A
STU13161,17,Male,5.4,84.8,82,100,100,98,380,95.0,A+
STU13162,18,Male,4.0,83.6,75,75,89,80,319,79.75,B
STU13163,18,Female,9.1,71.3,83,87,100,100,370,92.5,A+
STU13164,20,Male,4.1,91.7,82,84,79,76,321,80.25,A
STU13165,18,Female,4.1,87.6,61,85,82,82,310,77.5,B
STU13166,18,Male,3.1,62.1,66,70,71,69,276,69.0,C
STU13167,19,Male,4.7,84.8,79,86,63,78,306,76.5,B
STU13168,17,Male,5.6,74.3,70,80,83,91,324,81.0,A
STU13169,19,Male,6.7,93.0,95,92,82,98,367,91.75,A+
STU13170,19,Female,1.8,67.5,55,58,69,67,249,62.25,C
STU13171,16,Female,4.1,78.4,79,77,64,86,306,76.5,B
STU13172,19,Male,5.3,85.6,79,89,100,100,368,92.0,A+
STU13173,20,Female,5.6,82.5,85,78,77,75,315,78.75,B
STU13174,20,Male,4.5,89.6,87,80,74,84,325,81.25,A
STU13175,16,Female,5.5,66.8,81,80,74,84,319,79.75,B
STU13176,21,Male,3.0,98.5,68,62,70,70,270,67.5,C
STU13177,17,Female,7.3,87.3,81,97,93,98,369,92.25,A+
STU13178,17,Female,6.3,95.6,94,91,100,95,380,95.0,A+
STU13179,19,Female,2.1,90.7,78,70,73,81,302,75.5,B
STU13180,19,Female,2.6,81.9,72,74,55,73,274,68.5,C
STU13181,21,Female,2.6,69.2,49,54,52,66,221,55.25,D
STU13182,19,Female,5.7,76.4,88,83,100,100,371,92.75,A+
STU13183,17,Female,2.2,97.9,75,65,70,75,285,71.25,B
STU13184,18,Female,3.9,95.9,68,56,74,56,254,63.5,C
STU13185,20,Female,5.3,75.8,77,91,85,95,348,87.0,A
STU13186,18,Male,4.4,53.8,55,61,62,72,250,62.5,C
STU13187,18,Female,5.0,79.9,72,87,74,85,318,79.5,B
STU13188,17,Male,2.6,79.1,51,65,67,62,245,61.25,C
STU13189,18,Female,5.6,79.5,95,97,94,100,386,96.5,A+
STU13190,21,Female,3.4,87.3,94,64,94,90,342,85.5,A
STU13191,16,Female,3.9,90.8,70,83,78,88,319,79.75,B
STU13192,19,Male,4.9,91.9,81,83,76,85,325,81.25,A
STU13193,16,Male,4.7,86.5,90,73,90,84,337,84.25,A
STU13194,20,Female,4.5,64.0,88,85,92,93,358,89.5,A
STU13195,19,Female,3.1,78.6,67,66,70,77,280,70.0,B
STU13196,18,Male,4.0,100.0,67,68,65,76,276,69.0,C
STU13197,20,Male,4.5,85.7,77,86,72,91,326,81.5,A
STU13198,19,Female,2.0,85.7,69,69,83,77,298,74.5,B
STU13199,21,Female,3.7,85.6,77,78,84,81,320,80.0,A
STU13200,21,Male,5.2,86.2,92,85,83,90,350,87.5,A
STU13201,21,Male,2.2,58.2,53,62,60,67,242,60.5,C
STU13202,21,Male,6.6,79.6,84,82,85,95,346,86.5,A
STU13203,18,Female,6.8,81.6,79,79,100,100,358,89.5,A
STU13204,16,Male,2.3,94.8,68,63,60,78,269,67.25,C
STU13205,19,Male,6.9,82.5,100,100,94,100,394,98.5,A+
STU13206,18,Male,4.2,65.5,64,67,56,70,257,64.25,C
STU13207,21,Male,5.3,86.3,92,100,100,100,392,98.0,A+
STU13208,16,Female,3.6,74.0,79,88,80,83,330,82.5,A
STU13209,20,Male,6.2,69.8,62,64,70,76,272,68.0,C
STU13210,20,Male,5.2,73.7,83,79,71,73,306,76.5,B
STU13211,20,Male,3.0,87.4,70,72,85,79,306,76.5,B
STU13212,21,Male,2.4,94.6,64,80,73,74,291,72.75,B
STU13213,20,Male,1.9,86.8,58,58,71,59,246,61.5,C
STU13214,17,Female,4.8,88.3,83,82,100,84,349,87.25,A
STU13215,19,Female,5.5,86.7,83,83,76,89,331,82.75,A
STU13216,19,Female,5.7,83.0,73,81,81,76,311,77.75,B
STU13217,21,Female,4.3,89.0,67,77,72,83,299,74.75,B
STU13218,17,Female,2.4,57.8,62,70,87,75,294,73.5,B
STU13219,18,Male,3.3,83.1,56,60,58,76,250,62.5,C
STU13220,18,Female,6.6,71.6,81,89,91,97,358,89.5,A
STU13221,20,Female,3.6,93.6,89,95,87,92,363,90.75,A+
STU13222,16,Female,4.8,80.5,70,65,77,78,290,72.5,B
STU13223,18,Female,2.6,82.3,70,64,77,67,278,69.5,C
STU13224,16,Male,5.1,66.9,85,90,87,95,357,89.25,A
STU13225,19,Female,3.7,92.2,77,74,77,70,298,74.5,B
STU13226,16,Female,6.4,88.3,89,85,85,94,353,88.25,A
STU13227,19,Female,5.9,87.6,85,86,78,98,347,86.75,A
STU13228,17,Male,3.6,73.9,83,83,80,92,338,84.5,A
STU13229,17,Male,4.3,74.3,77,81,91,94,343,85.75,A
STU13230,21,Male,3.5,84.2,55,68,69,70,262,65.5,C
STU13231,21,Female,1.9,75.1,66,73,84,74,297,74.25,B
STU13232,20,Male,3.0,86.3,84,76,95,83,338,84.5,A
STU13233,18,Male,4.9,60.4,85,91,83,88,347,86.75,A
STU13234,20,Female,5.1,77.1,87,87,84,80,338,84.5,A
STU13235,19,Male,4.8,100.0,90,85,83,90,348,87.0,A
STU13236,20,Female,4.0,86.4,80,98,78,98,354,88.5,A
STU13237,16,Male,6.2,83.7,90,100,97,90,377,94.25,A+
STU13238,19,Female,4.6,100.0,100,100,100,100,400,100.0,A+
STU13239,21,Female,5.8,58.6,81,100,77,98,356,89.0,A
STU13240,17,Female,1.3,73.8,59,62,61,69,251,62.75,C
STU13241,21,Female,0.5,78.0,58,47,48,55,208,52.0,D
STU13242,18,Male,5.0,90.6,77,84,67,83,311,77.75,B
STU13243,19,Male,1.9,90.8,57,56,59,62,234,58.5,D
STU13244,19,Male,4.1,73.3,65,72,64,75,276,69.0,C
STU13245,16,Female,4.0,92.0,90,79,88,91,348,87.0,A
STU13246,18,Female,7.4,78.0,81,93,92,98,364,91.0,A+
STU13247,17,Male,5.2,94.1,95,82,97,100,374,93.5,A+
STU13248,19,Female,4.8,71.7,81,78,83,88,330,82.5,A
STU13249,19,Male,6.0,80.8,77,80,94,86,337,84.25,A
STU13250,16,Female,5.2,77.1,81,77,75,86,319,79.75,B
STU13251,20,Female,3.7,92.6,82,69,76,82,309,77.25,B
STU13252,17,Male,6.4,76.8,84,73,92,89,338,84.5,A
STU13253,21,Female,2.5,81.6,70,65,70,80,285,71.25,B
STU13254,18,Male,5.1,87.1,75,79,86,79,319,79.75,B
STU13255,19,Female,1.7,87.5,64,66,70,64,264,66.0,C
STU13256,19,Female,4.9,90.9,100,100,100,100,400,100.0,A+
STU13257,21,Male,4.8,84.1,81,83,90,91,345,86.25,A
STU13258,17,Male,7.5,77.8,75,80,67,92,314,78.5,B
STU13259,20,Male,1.7,78.5,47,34,50,50,181,45.25,F
STU13260,19,Female,3.4,82.3,74,57,74,77,282,70.5,B
STU13261,17,Female,6.0,84.5,98,90,97,99,384,96.0,A+
STU13262,21,Male,5.1,80.5,79,72,82,83,316,79.0,B
STU13263,16,Female,4.8,82.2,80,94,84,89,347,86.75,A
STU13264,20,Female,2.8,66.8,65,68,60,63,256,64.0,C
STU13265,18,Male,3.4,88.7,71,85,74,87,317,79.25,B
STU13266,19,Male,6.7,83.8,93,90,76,100,359,89.75,A
STU13267,17,Female,4.4,92.0,75,79,78,84,316,79.0,B
STU13268,16,Female,5.2,82.0,82,77,76,90,325,81.25,A
STU13269,18,Male,4.3,64.6,78,87,85,94,344,86.0,A
STU13270,17,Male,2.4,78.4,75,66,53,68,262,65.5,C
STU13271,17,Male,6.2,80.0,100,100,100,100,400,100.0,A+
STU13272,18,Female,5.4,89.4,82,82,100,100,364,91.0,A+
STU13273,16,Male,8.7,61.3,90,92,100,95,377,94.25,A+
STU13274,21,Male,2.7,82.4,73,69,79,74,295,73.75,B
STU13275,16,Female,6.0,87.1,80,100,96,98,374,93.5,A+
STU13276,20,Female,2.1,75.4,53,48,51,71,223,55.75,D
STU13277,19,Male,4.8,82.7,81,79,84,85,329,82.25,A
STU13278,18,Male,6.3,75.7,82,74,81,91,328,82.0,A
STU13279,21,Female,0.8,74.7,77,54,61,67,259,64.75,C
STU13280,18,Male,4.1,77.9,75,74,77,87,313,78.25,B
STU13281,18,Male,3.5,74.9,94,77,65,88,324,81.0,A
STU13282,16,Female,3.2,88.8,93,77,92,100,362,90.5,A+
STU13283,19,Male,5.2,74.7,73,83,82,85,323,80.75,A
STU13284,20,Female,6.5,73.0,83,82,97,91,353,88.25,A
STU13285,17,Female,4.3,99.7,69,73,71,88,301,75.25,B
STU13286,17,Male,4.9,91.6,95,91,88,96,370,92.5,A+
STU13287,18,Male,4.7,63.4,74,69,76,88,307,76.75,B
STU13288,19,Female,4.5,74.4,70,93,76,85,324,81.0,A
STU13289,21,Female,2.5,84.4,72,84,91,85,332,83.0,A
STU13290,16,Female,6.5,85.2,79,90,66,89,324,81.0,A
STU13291,19,Female,5.0,67.1,50,57,78,78,263,65.75,C
STU13292,19,Male,5.2,93.6,78,76,83,77,314,78.5,B
STU13293,16,Female,3.0,90.3,81,85,92,88,346,86.5,A
STU13294,18,Male,3.7,86.8,72,79,59,80,290,72.5,B
STU13295,19,Male,4.2,95.6,79,66,55,71,271,67.75,C
STU13296,17,Male,1.7,86.5,81,61,72,80,294,73.5,B
STU13297,16,Male,1.5,86.5,49,62,62,68,241,60.25,C
STU13298,21,Female,3.4,97.6,68,75,67,77,287,71.75,B
STU13299,20,Male,5.4,93.0,90,85,89,82,346,86.5,A
STU13300,18,Male,3.3,73.6,65,63,75,67,270,67.5,C
STU13301,16,Male,2.7,88.3,68,71,86,81,306,76.5,B
STU13302,20,Female,3.0,75.4,70,72,74,78,294,73.5,B
STU13303,20,Female,3.7,87.0,83,81,92,95,351,87.75,A
STU13304,21,Male,3.9,86.8,81,69,71,83,304,76.0,B
STU13305,19,Male,8.4,68.2,93,98,90,100,381,95.25,A+
STU13306,21,Male,6.4,80.8,92,82,88,100,362,90.5,A+
STU13307,19,Female,6.3,84.7,85,90,80,98,353,88.25,A
STU13308,19,Female,6.6,77.6,87,100,100,100,387,96.75,A+
STU13309,16,Female,2.7,85.1,69,81,73,99,322,80.5,A
STU13310,16,Female,2.3,90.1,62,55,47,59,223,55.75,D
STU13311,18,Male,2.5,81.7,78,76,83,87,324,81.0,A
STU13312,19,Female,6.9,84.2,100,91,100,100,391,97.75,A+
STU13313,20,Female,3.5,95.8,86,69,84,90,329,82.25,A
STU13314,17,Male,2.2,86.7,62,54,54,54,224,56.0,D
STU13315,18,Male,3.7,84.0,55,67,74,83,279,69.75,C
STU13316,16,Female,4.1,72.4,66,64,78,82,290,72.5,B
STU13317,21,Female,5.0,88.7,86,75,78,82,321,80.25,A
STU13318,18,Male,5.0,85.3,100,95,86,100,381,95.25,A+
STU13319,18,Female,3.0,94.8,83,71,74,79,307,76.75,B
STU13320,18,Female,5.7,82.5,82,94,80,95,351,87.75,A
STU13321,18,Male,3.3,63.8,67,77,65,86,295,73.75,B
STU13322,17,Male,4.2,65.0,68,83,81,82,314,78.5,B
STU13323,21,Male,5.7,89.4,50,58,64,68,240,60.0,C
STU13324,21,Female,3.3,76.3,71,70,73,77,291,72.75,B
STU13325,21,Male,3.5,86.4,66,57,57,66,246,61.5,C
STU13326,19,Male,5.6,83.1,85,91,88,88,352,88.0,A
STU13327,20,Female,3.0,80.3,71,67,70,81,289,72.25,B
STU13328,21,Female,3.8,81.0,75,68,78,82,303,75.75,B
STU13329,18,Male,5.5,73.3,69,63,65,66,263,65.75,C
STU13330,18,Male,8.2,81.8,97,89,92,100,378,94.5,A+
STU13331,21,Female,5.6,76.2,81,100,90,99,370,92.5,A+
STU13332,21,Female,5.4,78.3,93,95,100,89,377,94.25,A+
STU13333,18,Female,5.5,78.8,74,98,81,98,351,87.75,A
STU13334,19,Male,2.6,79.7,58,66,58,65,247,61.75,C
STU13335,16,Female,4.7,91.2,95,92,100,100,387,96.75,A+
STU13336,16,Female,4.4,80.7,73,80,77,87,317,79.25,B
STU13337,21,Female,5.1,92.2,78,70,77,97,322,80.5,A
STU13338,17,Female,4.7,97.4,66,61,74,72,273,68.25,C
STU13339,21,Male,5.2,90.5,91,95,80,98,364,91.0,A+
STU13340,21,Male,3.9,87.3,69,70,78,79,296,74.0,B
STU13341,16,Female,4.6,85.3,73,85,79,100,337,84.25,A
STU13342,18,Female,2.3,90.7,70,57,76,68,271,67.75,C
STU13343,21,Female,3.9,82.9,75,91,79,96,341,85.25,A
STU13344,18,Male,7.0,91.8,87,98,100,98,383,95.75,A+
STU13345,18,Female,5.1,88.1,78,70,73,88,309,77.25,B
STU13346,17,Female,4.5,78.4,88,92,96,99,375,93.75,A+
STU13347,18,Male,7.9,91.0,84,99,81,100,364,91.0,A+
STU13348,16,Male,2.1,82.9,63,86,90,81,320,80.0,A
STU13349,19,Female,2.5,80.9,64,64,68,79,275,68.75,C
STU13350,19,Female,7.6,77.2,87,87,98,88,360,90.0,A+
STU13351,20,Female,4.6,83.7,87,89,73,84,333,83.25,A
STU13352,21,Female,4.1,92.0,100,87,82,84,353,88.25,A
STU13353,16,Male,2.3,90.9,93,91,93,98,375,93.75,A+
STU13354,18,Male,5.3,85.5,85,94,84,99,362,90.5,A+
STU13355,19,Female,5.5,88.0,78,84,77,86,325,81.25,A
STU13356,16,Female,2.5,94.7,64,61,70,73,268,67.0,C
STU13357,19,Female,4.2,80.5,72,72,66,86,296,74.0,B
STU13358,18,Female,3.9,70.8,62,66,68,64,260,65.0,C
STU13359,19,Male,5.0,95.0,98,77,84,95,354,88.5,A
STU13360,21,Female,2.5,76.7,57,64,54,67,242,60.5,C
STU13361,21,Male,6.8,75.1,85,97,100,100,382,95.5,A+
STU13362,20,Male,6.1,64.0,72,76,53,66,267,66.75,C
STU13363,20,Male,3.8,87.7,65,56,78,80,279,69.75,C
STU13364,19,Male,4.1,65.8,68,80,68,71,287,71.75,B
STU13365,16,Male,4.3,74.5,91,83,82,83,339,84.75,A
STU13366,21,Male,3.1,87.9,67,71,57,61,256,64.0,C
STU13367,16,Male,3.7,89.2,79,86,82,79,326,81.5,A
STU13368,16,Male,4.0,75.5,78,84,67,84,313,78.25,B
STU13369,19,Female,7.4,80.7,91,93,100,94,378,94.5,A+
STU13370,16,Male,6.2,73.3,83,86,98,96,363,90.75,A+
STU13371,21,Male,6.2,76.5,87,84,99,93,363,90.75,A+
STU13372,18,Female,5.2,84.7,62,75,80,73,290,72.5,B
STU13373,20,Female,2.5,77.0,62,62,51,52,227,56.75,D
STU13374,18,Female,4.4,79.6,80,78,77,79,314,78.5,B
STU13375,16,Male,6.2,67.4,85,74,83,92,334,83.5,A
STU13376,18,Female,2.2,93.3,46,54,62,71,233,58.25,D
STU13377,21,Male,5.6,87.1,64,63,79,87,293,73.25,B
STU13378,21,Male,8.7,89.9,96,98,100,100,394,98.5,A+
STU13379,16,Male,6.4,94.9,97,97,93,94,381,95.25,A+
STU13380,19,Female,7.0,73.7,63,74,68,76,281,70.25,B
STU13381,18,Male,4.9,78.4,78,71,72,78,299,74.75,B
STU13382,19,Male,6.2,63.1,61,63,78,67,269,67.25,C
STU13383,19,Male,3.2,100.0,86,89,77,93,345,86.25,A
STU13384,17,Female,5.9,80.5,74,77,80,80,311,77.75,B
STU13385,16,Female,5.7,92.4,91,96,88,94,369,92.25,A+
STU13386,20,Male,5.0,69.6,70,92,70,79,311,77.75,B
STU13387,21,Female,6.9,92.0,100,100,100,100,400,100.0,A+
STU13388,21,Female,3.5,100.0,55,78,86,74,293,73.25,B
STU13389,16,Female,4.2,81.4,73,66,81,91,311,77.75,B
STU13390,20,Male,4.7,71.9,62,60,61,71,254,63.5,C
STU13391,21,Female,2.6,80.6,51,52,45,61,209,52.25,D
STU13392,16,Male,4.9,59.7,64,71,78,90,303,75.75,B
STU13393,21,Female,1.4,81.6,55,47,41,59,202,50.5,D
STU13394,19,Male,6.4,90.2,77,86,85,100,348,87.0,A
STU13395,18,Male,4.6,81.6,85,83,87,95,350,87.5,A
STU13396,18,Male,3.6,79.2,79,97,61,85,322,80.5,A
STU13397,21,Female,3.0,87.3,67,71,80,69,287,71.75,B
STU13398,17,Male,4.1,88.0,72,79,56,65,272,68.0,C
STU13399,20,Female,5.7,65.4,81,93,82,94,350,87.5,A
STU13400,20,Male,5.5,82.9,95,89,98,99,381,95.25,A+
STU13401,20,Female,3.2,100.0,71,72,84,69,296,74.0,B
STU13402,19,Female,3.0,68.6,65,58,56,53,232,58.0,D
STU13403,20,Female,5.7,81.1,87,77,59,98,321,80.25,A
STU13404,18,Female,3.2,100.0,82,75,92,81,330,82.5,A
STU13405,19,Female,4.6,93.0,96,88,82,93,359,89.75,A
STU13406,16,Male,4.7,76.9,77,70,71,80,298,74.5,B
STU13407,20,Female,5.1,84.1,77,71,73,68,289,72.25,B
STU13408,20,Male,6.0,82.0,99,100,78,100,377,94.25,A+
STU13409,16,Female,2.2,74.5,71,64,53,79,267,66.75,C
STU13410,20,Female,1.1,81.3,66,71,63,81,281,70.25,B
STU13411,16,Male,3.5,79.2,74,66,48,69,257,64.25,C
STU13412,19,Male,7.7,83.1,99,100,86,100,385,96.25,A+
STU13413,18,Male,8.1,74.5,99,86,100,100,385,96.25,A+
STU13414,16,Female,7.8,69.2,93,95,91,99,378,94.5,A+
STU13415,17,Female,4.2,81.6,91,94,94,100,379,94.75,A+
STU13416,16,Female,1.3,99.2,68,62,71,61,262,65.5,C
STU13417,20,Female,0.5,82.8,57,57,47,65,226,56.5,D
STU13418,19,Female,3.4,78.7,71,77,65,78,291,72.75,B
STU13419,21,Male,4.1,89.5,93,88,89,95,365,91.25,A+
STU13420,19,Male,6.8,80.4,91,77,100,100,368,92.0,A+
STU13421,21,Female,6.1,100.0,74,84,73,84,315,78.75,B
STU13422,16,Female,4.9,82.0,79,79,85,87,330,82.5,A
STU13423,18,Female,2.9,89.0,77,78,78,80,313,78.25,B
STU13424,17,Male,2.8,74.5,58,51,67,74,250,62.5,C
STU13425,19,Male,5.0,87.0,70,99,81,73,323,80.75,A
STU13426,20,Male,5.8,84.8,66,70,72,88,296,74.0,B
STU13427,21,Male,5.2,81.4,58,82,88,88,316,79.0,B
STU13428,20,Male,2.6,77.0,37,47,49,53,186,46.5,F
STU13429,18,Female,5.7,75.6,86,89,99,100,374,93.5,A+
STU13430,21,Male,5.3,84.8,95,88,90,100,373,93.25,A+
STU13431,19,Female,2.6,88.3,69,78,65,76,288,72.0,B
STU13432,16,Male,3.1,80.7,63,55,68,76,262,65.5,C
STU13433,20,Female,5.7,84.9,50,66,59,67,242,60.5,C
STU13434,18,Male,4.1,81.6,68,70,69,75,282,70.5,B
STU13435,19,Male,7.4,83.0,83,100,100,100,383,95.75,A+
STU13436,19,Male,5.4,80.0,85,89,82,96,352,88.0,A
STU13437,19,Female,3.6,82.2,93,75,71,95,334,83.5,A
STU13438,19,Female,4.5,100.0,88,76,89,84,337,84.25,A
STU13439,21,Male,4.6,85.1,87,94,86,99,366,91.5,A+
STU13440,19,Male,3.2,88.5,75,76,70,78,299,74.75,B
STU13441,20,Female,2.9,86.4,76,86,67,94,323,80.75,A
STU13442,18,Male,5.8,79.4,73,83,88,96,340,85.0,A
STU13443,21,Male,6.0,94.9,92,87,86,82,347,86.75,A
STU13444,19,Female,5.6,79.1,65,83,80,77,305,76.25,B
STU13445,17,Female,7.2,92.6,80,71,88,88,327,81.75,A
STU13446,17,Male,3.5,78.7,79,62,67,80,288,72.0,B
STU13447,18,Male,7.5,72.4,74,94,85,87,340,85.0,A
STU13448,16,Female,2.9,85.7,67,55,60,70,252,63.0,C
STU13449,16,Male,2.7,71.0,70,65,66,72,273,68.25,C
STU13450,21,Male,1.3,87.4,72,67,74,67,280,70.0,B
STU13451,21,Female,3.7,70.1,82,67,93,79,321,80.25,A
STU13452,21,Female,3.6,78.8,75,75,90,85,325,81.25,A
STU13453,16,Male,5.4,67.7,83,65,78,78,304,76.0,B
STU13454,17,Female,4.9,100.0,80,84,86,90,340,85.0,A
STU13455,16,Female,2.4,65.5,74,67,65,64,270,67.5,C
STU13456,20,Male,3.8,82.1,75,65,61,63,264,66.0,C
STU13457,19,Female,3.8,93.4,81,67,68,84,300,75.0,B
STU13458,21,Male,1.3,92.4,62,64,70,63,259,64.75,C
STU13459,17,Male,2.7,90.5,82,96,100,100,378,94.5,A+
STU13460,18,Female,3.1,78.8,81,79,62,77,299,74.75,B
STU13461,18,Male,7.1,95.5,99,100,87,100,386,96.5,A+
STU13462,19,Male,4.8,91.1,71,91,75,90,327,81.75,A
STU13463,17,Male,5.7,84.1,88,97,99,98,382,95.5,A+
STU13464,16,Male,1.8,84.4,67,66,92,74,299,74.75,B
STU13465,16,Female,6.6,79.0,96,85,100,95,376,94.0,A+
STU13466,20,Female,6.8,72.9,83,84,99,100,366,91.5,A+
STU13467,20,Female,0.9,94.4,74,87,71,82,314,78.5,B
STU13468,16,Male,3.2,95.1,85,76,74,87,322,80.5,A
STU13469,18,Male,5.4,73.2,96,80,83,100,359,89.75,A
STU13470,21,Male,5.7,80.5,69,68,65,78,280,70.0,B
STU13471,18,Male,3.3,80.6,75,61,84,77,297,74.25,B
STU13472,20,Male,4.0,81.7,77,71,92,89,329,82.25,A
STU13473,19,Female,3.4,82.6,62,62,70,69,263,65.75,C
STU13474,16,Female,4.7,91.5,85,87,85,92,349,87.25,A
STU13475,20,Female,6.7,74.5,76,80,66,85,307,76.75,B
STU13476,20,Male,3.1,73.5,62,69,64,68,263,65.75,C
STU13477,21,Female,6.3,94.4,75,65,76,69,285,71.25,B
STU13478,16,Male,3.1,77.4,76,81,72,94,323,80.75,A
STU13479,21,Male,3.0,69.4,61,67,75,78,281,70.25,B
STU13480,16,Female,6.0,77.1,94,98,98,96,386,96.5,A+
STU13481,21,Female,6.2,78.7,86,89,98,91,364,91.0,A+
STU13482,18,Male,6.0,97.5,100,80,93,100,373,93.25,A+
STU13483,19,Male,2.1,91.2,70,58,69,71,268,67.0,C
STU13484,19,Male,3.7,93.5,61,67,65,74,267,66.75,C
STU13485,16,Female,6.0,90.2,93,69,89,95,346,86.5,A
STU13486,17,Male,4.6,91.5,77,85,87,80,329,82.25,A
STU13487,20,Female,2.6,75.1,51,48,57,60,216,54.0,D
STU13488,20,Male,5.3,80.0,57,73,61,81,272,68.0,C
STU13489,16,Male,3.2,72.1,68,66,64,66,264,66.0,C
STU13490,21,Female,7.7,79.9,95,100,100,100,395,98.75,A+
STU13491,17,Female,7.3,88.8,100,100,100,100,400,100.0,A+
STU13492,18,Male,5.6,83.3,77,90,95,87,349,87.25,A
STU13493,21,Female,6.9,95.1,97,91,93,100,381,95.25,A+
STU13494,21,Female,4.6,70.6,69,69,69,84,291,72.75,B
STU13495,16,Female,5.9,87.0,76,85,77,79,317,79.25,B
STU13496,16,Female,7.2,69.5,95,98,94,100,387,96.75,A+
STU13497,20,Female,4.9,82.9,96,100,100,100,396,99.0,A+
STU13498,16,Female,4.0,89.4,70,54,80,74,278,69.5,C
STU13499,16,Female,1.4,79.9,62,64,75,73,274,68.5,C
STU13500,16,Male,4.4,87.5,71,64,73,80,288,72.0,B
STU13501,20,Male,6.0,72.4,66,78,75,96,315,78.75,B
STU13502,18,Male,6.2,65.4,81,95,87,87,350,87.5,A
STU13503,18,Male,5.4,87.6,77,85,58,79,299,74.75,B
STU13504,16,Male,3.5,99.4,79,76,74,78,307,76.75,B
STU13505,20,Female,0.9,72.0,60,62,66,64,252,63.0,C
STU13506,18,Male,3.6,94.2,66,76,80,77,299,74.75,B
STU13507,21,Male,4.0,82.4,70,76,88,87,321,80.25,A
STU13508,18,Female,3.9,68.6,67,80,68,71,286,71.5,B
STU13509,18,Male,5.6,70.7,94,89,86,95,364,91.0,A+
STU13510,20,Male,8.1,82.2,76,82,80,92,330,82.5,A
STU13511,21,Male,4.7,78.0,77,79,73,71,300,75.0,B
STU13512,20,Male,4.1,68.9,67,71,78,73,289,72.25,B
STU13513,16,Male,4.0,65.1,53,44,40,70,207,51.75,D
STU13514,19,Female,4.7,73.5,64,67,59,75,265,66.25,C
STU13515,18,Female,3.0,83.9,56,60,64,59,239,59.75,D
STU13516,19,Male,4.7,81.9,83,87,76,84,330,82.5,A
STU13517,20,Male,5.3,77.0,86,81,60,82,309,77.25,B
STU13518,20,Male,4.9,84.0,85,65,63,80,293,73.25,B
STU13519,20,Female,5.3,92.4,93,80,90,93,356,89.0,A
STU13520,19,Male,5.3,85.9,67,70,75,89,301,75.25,B
STU13521,20,Male,1.3,80.8,49,42,54,66,211,52.75,D
STU13522,16,Female,5.6,91.3,83,82,96,87,348,87.0,A
STU13523,20,Male,3.3,72.4,57,61,60,68,246,61.5,C
STU13524,17,Male,2.5,79.8,60,43,60,67,230,57.5,D
STU13525,19,Male,2.5,80.0,74,78,72,84,308,77.0,B
STU13526,17,Female,5.3,69.6,82,77,84,87,330,82.5,A
STU13527,20,Female,4.1,77.8,72,81,99,98,350,87.5,A
STU13528,16,Female,1.5,61.3,64,64,71,71,270,67.5,C
STU13529,18,Female,5.4,100.0,100,93,100,100,393,98.25,A+
STU13530,21,Female,1.9,72.6,46,59,39,51,195,48.75,F
STU13531,21,Female,4.8,97.9,88,89,91,92,360,90.0,A+
STU13532,20,Female,4.9,82.4,72,82,82,83,319,79.75,B
STU13533,16,Male,6.1,87.6,72,81,90,80,323,80.75,A
STU13534,19,Female,7.7,77.1,92,99,100,91,382,95.5,A+
STU13535,17,Male,2.0,84.1,46,57,54,56,213,53.25,D
STU13536,17,Male,4.4,88.5,57,67,65,65,254,63.5,C
STU13537,17,Female,4.0,88.6,90,90,83,91,354,88.5,A
STU13538,19,Male,5.3,89.7,83,88,89,96,356,89.0,A
STU13539,21,Female,4.9,78.3,73,96,91,86,346,86.5,A
STU13540,16,Male,3.9,77.2,77,74,77,81,309,77.25,B
STU13541,19,Female,3.7,66.1,81,68,83,81,313,78.25,B
STU13542,17,Female,2.5,87.2,73,75,94,72,314,78.5,B
STU13543,20,Female,6.3,92.8,91,92,69,95,347,86.75,A
STU13544,18,Male,5.3,98.2,74,77,74,90,315,78.75,B
STU13545,19,Male,6.2,85.1,77,87,83,78,325,81.25,A
STU13546,19,Female,3.9,74.3,82,85,76,84,327,81.75,A
STU13547,16,Male,3.3,65.0,75,69,72,87,303,75.75,B
STU13548,16,Female,2.6,92.4,70,79,57,90,296,74.0,B
STU13549,19,Female,5.1,64.0,79,70,72,87,308,77.0,B
STU13550,17,Male,2.6,78.6,73,63,76,73,285,71.25,B
STU13551,18,Male,7.8,79.8,88,89,100,100,377,94.25,A+
STU13552,16,Male,2.1,81.3,65,69,58,55,247,61.75,C
STU13553,17,Female,5.0,82.4,48,55,60,57,220,55.0,D
STU13554,20,Male,7.3,83.4,100,95,100,100,395,98.75,A+
STU13555,16,Male,5.6,57.8,90,87,79,98,354,88.5,A
STU13556,17,Male,4.8,82.1,76,62,74,82,294,73.5,B
STU13557,17,Female,2.8,59.7,53,50,59,60,222,55.5,D
STU13558,18,Male,2.0,89.3,82,60,69,72,283,70.75,B
STU13559,18,Male,5.9,76.4,73,79,88,88,328,82.0,A
STU13560,20,Female,7.2,60.4,97,96,80,93,366,91.5,A+
STU13561,17,Female,3.7,73.9,64,77,66,76,283,70.75,B
STU13562,21,Female,2.4,76.3,64,70,68,58,260,65.0,C
STU13563,17,Male,0.5,93.9,57,61,41,53,212,53.0,D
STU13564,18,Male,2.7,84.0,77,74,85,89,325,81.25,A
STU13565,21,Female,4.3,85.4,78,83,87,87,335,83.75,A
STU13566,16,Male,7.4,93.8,100,100,100,100,400,100.0,A+
STU13567,16,Female,5.7,81.0,76,60,72,82,290,72.5,B
STU13568,19,Female,5.0,89.5,100,88,100,100,388,97.0,A+
STU13569,18,Male,3.8,88.8,56,62,54,62,234,58.5,D
STU13570,19,Female,3.5,69.1,71,75,73,78,297,74.25,B
STU13571,21,Female,7.0,96.7,78,81,78,86,323,80.75,A
STU13572,18,Male,4.9,67.8,66,72,63,79,280,70.0,B
STU13573,20,Female,0.7,91.2,75,65,80,80,300,75.0,B
STU13574,17,Male,3.3,66.8,82,79,67,84,312,78.0,B
STU13575,20,Male,3.0,88.0,48,70,72,64,254,63.5,C
STU13576,21,Male,3.5,100.0,69,79,89,85,322,80.5,A
STU13577,18,Female,5.5,79.9,69,90,73,82,314,78.5,B
STU13578,21,Female,4.3,79.4,71,79,81,92,323,80.75,A
STU13579,17,Female,4.4,88.1,100,98,77,98,373,93.25,A+
STU13580,16,Male,6.9,78.7,87,77,78,80,322,80.5,A
STU13581,16,Female,3.2,100.0,70,58,71,74,273,68.25,C
STU13582,21,Male,7.9,83.9,92,97,91,100,380,95.0,A+
STU13583,19,Female,3.3,78.8,73,66,75,80,294,73.5,B
STU13584,18,Male,4.7,76.6,53,69,71,68,261,65.25,C
STU13585,18,Male,4.0,72.7,82,89,76,82,329,82.25,A
STU13586,16,Male,4.7,75.7,68,78,68,85,299,74.75,B
STU13587,20,Female,5.3,78.5,78,84,89,93,344,86.0,A
STU13588,17,Male,5.3,77.1,75,67,76,81,299,74.75,B
STU13589,20,Female,3.1,75.4,75,62,63,76,276,69.0,C
STU13590,20,Male,2.5,100.0,64,63,57,74,258,64.5,C
STU13591,21,Male,9.0,71.7,77,95,66,100,338,84.5,A
STU13592,16,Male,3.6,83.5,72,70,63,77,282,70.5,B
STU13593,16,Female,5.8,87.9,100,100,97,100,397,99.25,A+
STU13594,16,Female,1.6,88.3,69,84,66,73,292,73.0,B
STU13595,21,Male,4.0,81.4,92,94,79,98,363,90.75,A+
STU13596,19,Male,4.3,79.6,81,91,100,99,371,92.75,A+
STU13597,20,Male,5.4,86.5,100,100,100,100,400,100.0,A+
STU13598,21,Female,0.5,84.7,72,52,58,63,245,61.25,C
STU13599,18,Male,4.8,79.4,84,85,97,85,351,87.75,A
STU13600,17,Female,2.4,66.4,79,71,83,76,309,77.25,B
STU13601,19,Female,5.1,77.3,100,81,93,86,360,90.0,A+
STU13602,18,Male,2.6,70.5,81,83,84,86,334,83.5,A
STU13603,20,Female,3.0,75.3,62,80,76,78,296,74.0,B
STU13604,16,Female,4.0,82.3,65,82,79,71,297,74.25,B
STU13605,20,Female,2.6,85.6,82,75,65,79,301,75.25,B
STU13606,21,Male,3.6,99.8,86,83,77,88,334,83.5,A
STU13607,17,Male,2.4,76.6,79,65,67,75,286,71.5,B
STU13608,21,Male,1.2,89.7,77,89,89,78,333,83.25,A
STU13609,19,Male,6.3,85.1,89,72,79,90,330,82.5,A
STU13610,19,Male,2.2,95.0,68,76,64,79,287,71.75,B
STU13611,17,Male,4.2,87.8,72,83,89,87,331,82.75,A
STU13612,18,Female,5.9,71.9,86,74,82,86,328,82.0,A
STU13613,18,Male,3.4,64.8,64,52,71,65,252,63.0,C
STU13614,19,Male,3.0,85.1,60,60,62,75,257,64.25,C
STU13615,19,Male,4.9,76.7,75,76,80,82,313,78.25,B
STU13616,16,Female,6.5,72.2,94,84,100,100,378,94.5,A+
STU13617,18,Female,2.4,69.3,62,62,47,66,237,59.25,D
STU13618,17,Female,4.2,83.6,59,76,79,66,280,70.0,B
STU13619,18,Male,1.4,97.1,70,54,61,59,244,61.0,C
STU13620,16,Female,3.8,77.9,52,70,63,56,241,60.25,C
STU13621,21,Male,4.6,87.9,80,76,63,81,300,75.0,B
STU13622,19,Male,3.0,81.0,51,59,59,68,237,59.25,D
STU13623,19,Male,3.7,69.1,86,72,72,81,311,77.75,B
STU13624,16,Male,2.0,89.3,61,72,80,70,283,70.75,B
STU13625,17,Male,4.6,71.1,81,90,81,77,329,82.25,A
STU13626,19,Female,6.4,82.2,94,100,89,100,383,95.75,A+
STU13627,20,Female,2.5,78.6,49,72,69,65,255,63.75,C
STU13628,19,Male,3.4,90.9,62,77,63,84,286,71.5,B
STU13629,20,Female,5.4,71.4,78,73,84,72,307,76.75,B
STU13630,16,Male,6.7,85.9,74,86,83,95,338,84.5,A
STU13631,16,Male,1.8,73.6,48,63,62,59,232,58.0,D
STU13632,19,Female,4.2,76.9,52,75,70,71,268,67.0,C
STU13633,18,Female,5.0,50.0,85,79,68,73,305,76.25,B
STU13634,20,Male,4.3,100.0,83,92,88,100,363,90.75,A+
STU13635,17,Male,0.5,87.5,55,68,68,60,251,62.75,C
STU13636,19,Female,5.4,74.3,79,62,79,79,299,74.75,B
STU13637,17,Female,7.2,70.8,81,94,91,92,358,89.5,A
STU13638,19,Female,4.7,77.0,72,77,56,70,275,68.75,C
STU13639,18,Male,2.6,89.2,72,70,70,83,295,73.75,B
STU13640,18,Male,3.6,63.1,65,72,69,78,284,71.0,B
STU13641,18,Male,7.7,80.6,94,92,100,100,386,96.5,A+
STU13642,21,Male,6.1,99.7,100,100,100,100,400,100.0,A+
STU13643,18,Female,5.7,70.7,76,76,61,92,305,76.25,B
STU13644,16,Male,5.1,82.8,84,92,82,100,358,89.5,A
STU13645,16,Male,3.3,100.0,76,80,75,83,314,78.5,B
STU13646,21,Female,4.1,88.3,59,73,60,87,279,69.75,C
STU13647,20,Female,4.4,83.3,78,78,86,84,326,81.5,A
STU13648,17,Male,5.5,87.1,74,100,71,80,325,81.25,A
STU13649,19,Female,7.2,78.0,94,86,95,97,372,93.0,A+
STU13650,19,Female,6.5,95.0,81,80,74,87,322,80.5,A
STU13651,21,Female,1.9,78.0,54,49,67,58,228,57.0,D
STU13652,16,Male,4.9,62.4,83,75,78,91,327,81.75,A
STU13653,19,Female,5.8,78.1,82,95,87,86,350,87.5,A
STU13654,16,Female,5.6,72.3,87,91,91,90,359,89.75,A
STU13655,20,Male,3.4,79.2,75,74,67,73,289,72.25,B
STU13656,17,Male,9.7,79.4,100,100,100,100,400,100.0,A+
STU13657,20,Female,2.2,94.0,70,83,74,76,303,75.75,B
STU13658,21,Male,2.6,89.0,81,77,74,83,315,78.75,B
STU13659,18,Female,4.9,84.6,77,63,74,82,296,74.0,B
STU13660,18,Male,8.3,82.0,85,91,77,96,349,87.25,A
STU13661,18,Male,3.0,71.4,57,67,65,71,260,65.0,C
STU13662,20,Male,4.0,60.2,65,70,73,78,286,71.5,B
STU13663,19,Female,6.4,83.1,83,81,67,100,331,82.75,A
STU13664,17,Male,4.5,89.9,69,70,75,71,285,71.25,B
STU13665,18,Female,3.9,80.9,77,91,96,100,364,91.0,A+
STU13666,21,Female,5.5,76.7,73,77,65,91,306,76.5,B
STU13667,21,Female,5.0,86.6,79,74,68,99,320,80.0,A
STU13668,18,Female,6.4,81.2,94,100,100,100,394,98.5,A+
STU13669,18,Female,6.8,98.9,63,78,81,76,298,74.5,B
STU13670,17,Male,5.1,94.3,77,82,86,88,333,83.25,A
STU13671,18,Female,5.0,91.6,76,61,69,87,293,73.25,B
STU13672,17,Female,4.9,89.6,71,79,95,90,335,83.75,A
STU13673,21,Male,5.4,69.1,75,75,72,78,300,75.0,B
STU13674,18,Male,4.6,88.6,87,87,95,100,369,92.25,A+
STU13675,20,Female,4.5,85.8,87,90,87,90,354,88.5,A
STU13676,20,Male,6.7,88.1,89,100,100,100,389,97.25,A+
STU13677,21,Female,7.2,86.9,91,94,93,100,378,94.5,A+
STU13678,17,Male,1.8,86.5,50,64,61,61,236,59.0,D
STU13679,20,Male,4.5,100.0,61,59,67,73,260,65.0,C
STU13680,17,Female,3.3,81.2,61,57,52,69,239,59.75,D
STU13681,20,Male,3.9,91.4,81,81,63,98,323,80.75,A
STU13682,20,Male,5.2,77.3,76,75,81,74,306,76.5,B
STU13683,17,Female,5.7,89.9,81,89,73,93,336,84.0,A
STU13684,19,Male,4.3,91.4,66,73,81,82,302,75.5,B
STU13685,20,Female,1.1,85.6,90,90,83,82,345,86.25,A
STU13686,18,Female,2.8,98.7,73,62,71,59,265,66.25,C
STU13687,21,Female,6.1,73.2,93,100,82,100,375,93.75,A+
STU13688,19,Male,0.5,77.1,48,74,69,61,252,63.0,C
STU13689,17,Male,6.6,84.1,82,86,92,89,349,87.25,A
STU13690,19,Female,5.4,90.8,90,100,85,100,375,93.75,A+
STU13691,16,Female,6.9,83.8,86,97,100,100,383,95.75,A+
STU13692,16,Female,4.1,94.9,83,85,77,73,318,79.5,B
STU13693,20,Female,0.8,75.4,76,66,57,70,269,67.25,C
STU13694,20,Male,5.3,70.6,94,72,76,91,333,83.25,A
STU13695,18,Male,6.8,85.1,80,64,77,93,314,78.5,B
STU13696,21,Male,6.2,81.2,86,85,98,95,364,91.0,A+
STU13697,19,Male,3.3,87.4,77,71,78,74,300,75.0,B
STU13698,16,Male,4.7,81.7,73,85,83,88,329,82.25,A
STU13699,20,Female,3.5,78.6,63,68,73,72,276,69.0,C
STU13700,21,Male,3.0,81.3,65,86,90,88,329,82.25,A
STU13701,19,Male,6.2,82.3,91,81,83,89,344,86.0,A
STU13702,20,Male,2.3,79.0,56,55,62,73,246,61.5,C
STU13703,20,Female,2.9,80.0,59,72,59,66,256,64.0,C
STU13704,16,Female,2.5,78.0,44,25,43,43,155,38.75,F
STU13705,16,Female,1.8,90.6,65,65,70,68,268,67.0,C
STU13706,20,Female,4.8,83.9,80,77,56,81,294,73.5,B
STU13707,17,Male,6.6,100.0,88,100,87,90,365,91.25,A+
STU13708,20,Female,4.2,83.6,100,89,95,100,384,96.0,A+
STU13709,21,Male,1.8,76.5,68,73,70,55,266,66.5,C
STU13710,20,Male,6.0,100.0,100,100,91,96,387,96.75,A+
STU13711,18,Female,7.5,86.1,81,68,84,78,311,77.75,B
STU13712,18,Female,3.3,91.9,74,72,68,78,292,73.0,B
STU13713,18,Male,3.6,87.9,70,69,63,64,266,66.5,C
STU13714,17,Male,5.4,88.2,83,84,88,87,342,85.5,A
STU13715,17,Female,7.4,87.4,85,90,94,97,366,91.5,A+
STU13716,20,Male,3.6,71.0,49,55,53,52,209,52.25,D
STU13717,18,Male,2.1,85.7,51,51,59,63,224,56.0,D
STU13718,17,Male,5.6,68.8,88,93,94,95,370,92.5,A+
STU13719,16,Male,5.9,80.3,75,82,83,94,334,83.5,A
STU13720,20,Female,4.5,74.7,70,60,77,69,276,69.0,C
STU13721,21,Male,3.5,85.6,81,64,79,70,294,73.5,B
STU13722,19,Male,6.3,85.3,97,99,94,100,390,97.5,A+
STU13723,20,Female,5.5,86.8,77,75,89,85,326,81.5,A
STU13724,19,Female,3.1,84.9,86,90,70,78,324,81.0,A
STU13725,18,Male,4.6,75.9,73,63,74,79,289,72.25,B
STU13726,19,Male,2.1,79.4,68,62,63,59,252,63.0,C
STU13727,18,Male,5.7,91.2,71,89,86,93,339,84.75,A
STU13728,16,Female,4.0,92.7,95,89,85,100,369,92.25,A+
STU13729,19,Female,3.7,70.5,88,67,85,79,319,79.75,B
STU13730,20,Female,4.4,66.7,89,79,79,80,327,81.75,A
STU13731,18,Female,4.6,74.7,66,72,72,76,286,71.5,B
STU13732,20,Female,6.1,92.5,100,100,87,100,387,96.75,A+
STU13733,17,Female,5.6,94.1,100,91,80,100,371,92.75,A+
STU13734,18,Female,4.2,72.8,41,58,55,69,223,55.75,D
STU13735,19,Male,5.9,85.1,79,87,80,84,330,82.5,A
STU13736,18,Female,5.2,100.0,92,85,100,98,375,93.75,A+
STU13737,20,Male,3.7,86.2,58,58,62,69,247,61.75,C
STU13738,16,Male,4.3,96.2,69,62,62,75,268,67.0,C
STU13739,18,Female,4.2,92.0,77,72,73,81,303,75.75,B
STU13740,19,Male,5.4,72.9,72,80,88,76,316,79.0,B
STU13741,17,Female,3.8,80.1,70,69,68,71,278,69.5,C
STU13742,21,Female,3.8,82.3,77,76,83,77,313,78.25,B
STU13743,16,Male,8.0,83.0,100,98,100,100,398,99.5,A+
STU13744,17,Female,6.2,91.2,88,76,92,85,341,85.25,A
STU13745,18,Male,3.1,86.1,70,72,86,70,298,74.5,B
STU13746,20,Male,5.5,52.6,58,62,49,76,245,61.25,C
STU13747,20,Female,4.7,68.9,75,84,91,98,348,87.0,A
STU13748,19,Female,5.2,60.1,76,65,70,75,286,71.5,B
STU13749,20,Female,4.7,83.8,68,66,64,80,278,69.5,C
STU13750,16,Male,6.6,84.4,96,90,89,93,368,92.0,A+
STU13751,20,Female,5.1,84.8,72,73,90,69,304,76.0,B
STU13752,19,Male,4.4,72.4,65,83,82,71,301,75.25,B
STU13753,21,Female,6.4,88.7,92,95,75,95,357,89.25,A
STU13754,18,Male,4.9,89.2,77,83,74,86,320,80.0,A
STU13755,18,Female,4.7,69.4,84,92,100,99,375,93.75,A+
STU13756,20,Male,5.1,67.3,87,61,76,80,304,76.0,B
STU13757,17,Male,4.3,82.0,77,76,83,84,320,80.0,A
STU13758,18,Female,4.5,99.9,73,63,56,75,267,66.75,C
STU13759,21,Female,3.4,99.0,76,69,66,68,279,69.75,C
STU13760,20,Female,3.1,87.6,55,65,55,74,249,62.25,C
STU13761,19,Female,2.7,74.7,53,65,48,61,227,56.75,D
STU13762,21,Female,2.0,90.9,70,75,64,89,298,74.5,B
STU13763,20,Female,2.9,77.5,71,86,72,81,310,77.5,B
STU13764,21,Male,4.2,74.3,88,75,72,80,315,78.75,B
STU13765,18,Female,4.7,60.6,68,73,65,73,279,69.75,C
STU13766,19,Male,4.0,83.0,76,73,80,73,302,75.5,B
STU13767,20,Female,0.5,75.7,71,70,62,74,277,69.25,C
STU13768,16,Female,7.3,83.0,100,100,100,100,400,100.0,A+
STU13769,19,Female,6.5,59.0,80,87,78,94,339,84.75,A
STU13770,16,Female,5.3,83.7,97,80,94,98,369,92.25,A+
STU13771,21,Female,7.9,57.7,81,87,93,97,358,89.5,A
STU13772,17,Female,2.7,92.9,90,79,73,86,328,82.0,A
STU13773,19,Male,7.9,87.2,74,99,83,100,356,89.0,A
STU13774,21,Female,2.8,79.2,71,64,63,74,272,68.0,C
STU13775,16,Male,4.9,87.6,73,77,88,92,330,82.5,A
STU13776,18,Female,2.2,72.2,72,78,75,81,306,76.5,B
STU13777,18,Male,4.5,82.7,71,75,67,70,283,70.75,B
STU13778,17,Male,5.2,89.9,62,66,69,88,285,71.25,B
STU13779,19,Male,4.2,51.1,62,62,68,72,264,66.0,C
STU13780,19,Male,5.8,77.5,79,97,100,100,376,94.0,A+
STU13781,19,Female,4.7,81.8,58,60,68,72,258,64.5,C
STU13782,21,Male,3.6,80.0,67,62,65,55,249,62.25,C
STU13783,17,Female,3.5,96.6,78,75,83,82,318,79.5,B
STU13784,19,Male,6.0,70.8,74,88,74,87,323,80.75,A
STU13785,21,Female,3.3,75.8,84,78,63,76,301,75.25,B
STU13786,18,Female,6.1,62.8,60,62,68,71,261,65.25,C
STU13787,16,Female,6.7,97.1,85,82,98,94,359,89.75,A
STU13788,21,Female,1.5,79.5,70,87,85,82,324,81.0,A
STU13789,18,Male,6.5,77.6,79,83,61,90,313,78.25,B
STU13790,18,Female,8.2,81.5,100,100,100,100,400,100.0,A+
STU13791,16,Male,5.0,88.4,71,73,57,76,277,69.25,C
STU13792,18,Female,5.6,85.5,76,100,95,95,366,91.5,A+
STU13793,17,Female,6.4,100.0,93,80,92,96,361,90.25,A+
STU13794,16,Male,4.0,86.5,65,73,55,74,267,66.75,C
STU13795,18,Female,4.8,77.3,74,71,83,82,310,77.5,B
STU13796,20,Female,2.1,76.4,64,69,86,72,291,72.75,B
STU13797,21,Male,4.7,78.1,70,83,78,86,317,79.25,B
STU13798,18,Male,5.4,67.0,96,85,89,95,365,91.25,A+
STU13799,17,Male,5.4,82.4,80,90,100,97,367,91.75,A+
STU13800,19,Female,6.4,89.8,70,75,71,75,291,72.75,B
STU13801,18,Female,3.1,75.9,70,46,52,59,227,56.75,D
STU13802,19,Male,3.5,73.9,64,66,55,75,260,65.0,C
STU13803,20,Male,7.9,97.2,86,82,90,87,345,86.25,A
STU13804,18,Female,4.2,67.7,89,94,83,95,361,90.25,A+
STU13805,16,Female,4.9,61.3,80,76,75,74,305,76.25,B
STU13806,19,Male,4.4,70.5,70,79,68,71,288,72.0,B
STU13807,20,Male,3.0,66.6,68,54,64,69,255,63.75,C
STU13808,16,Female,7.4,85.9,100,100,99,100,399,99.75,A+
STU13809,16,Male,3.6,78.4,91,95,83,93,362,90.5,A+
STU13810,16,Male,2.5,79.8,85,80,66,74,305,76.25,B
STU13811,16,Female,3.7,93.5,54,46,41,56,197,49.25,F
STU13812,18,Female,0.9,75.1,61,58,62,69,250,62.5,C
STU13813,21,Male,3.3,89.8,73,87,68,84,312,78.0,B
STU13814,18,Male,2.8,97.1,75,78,84,80,317,79.25,B
STU13815,18,Male,5.6,77.4,99,89,84,91,363,90.75,A+
STU13816,20,Male,3.3,89.4,84,75,78,87,324,81.0,A
STU13817,20,Female,6.1,79.6,69,85,72,85,311,77.75,B
STU13818,21,Male,7.0,91.2,83,100,83,86,352,88.0,A
STU13819,20,Female,5.9,66.3,67,78,88,80,313,78.25,B
STU13820,17,Female,4.1,65.5,72,83,70,81,306,76.5,B
STU13821,21,Male,4.8,78.1,72,72,60,79,283,70.75,B
STU13822,20,Male,1.8,73.1,63,77,70,77,287,71.75,B
STU13823,21,Female,4.3,76.8,70,84,75,85,314,78.5,B
STU13824,18,Female,3.0,79.8,86,76,88,75,325,81.25,A
STU13825,18,Female,5.7,89.2,83,80,91,96,350,87.5,A
STU13826,21,Male,9.1,77.9,70,75,74,83,302,75.5,B
STU13827,17,Female,5.4,73.8,69,100,90,87,346,86.5,A
STU13828,17,Female,0.9,78.5,74,83,72,83,312,78.0,B
STU13829,21,Female,3.8,74.3,66,74,80,83,303,75.75,B
STU13830,20,Male,4.7,72.7,56,65,61,81,263,65.75,C
STU13831,19,Female,4.7,65.9,72,71,68,68,279,69.75,C
STU13832,17,Female,3.2,82.7,63,71,66,64,264,66.0,C
STU13833,16,Male,4.9,76.3,91,100,86,98,375,93.75,A+
STU13834,18,Female,2.3,91.7,66,66,59,78,269,67.25,C
STU13835,21,Male,2.8,67.5,52,63,68,69,252,63.0,C
STU13836,16,Male,5.7,76.6,82,81,77,87,327,81.75,A
STU13837,21,Male,2.7,100.0,71,66,82,85,304,76.0,B
STU13838,18,Female,5.5,72.6,86,85,89,100,360,90.0,A+
STU13839,18,Male,2.0,79.6,53,61,70,67,251,62.75,C
STU13840,17,Male,7.7,69.8,88,99,91,98,376,94.0,A+
STU13841,17,Female,3.1,68.5,65,73,82,78,298,74.5,B
STU13842,16,Male,4.1,97.5,87,96,93,94,370,92.5,A+
STU13843,21,Female,5.1,83.7,89,100,98,97,384,96.0,A+
STU13844,18,Female,3.5,83.3,74,69,68,75,286,71.5,B
STU13845,16,Female,4.8,65.0,70,76,79,77,302,75.5,B
STU13846,19,Female,5.5,85.6,84,89,91,86,350,87.5,A
STU13847,16,Female,6.2,93.6,93,85,86,95,359,89.75,A
STU13848,20,Male,5.9,93.5,77,75,58,79,289,72.25,B
STU13849,16,Female,4.2,88.7,97,89,83,98,367,91.75,A+
STU13850,20,Male,4.2,70.7,68,90,67,84,309,77.25,B
STU13851,20,Female,8.7,85.1,83,88,92,94,357,89.25,A
STU13852,20,Male,6.2,88.7,74,73,68,73,288,72.0,B
STU13853,19,Female,2.8,64.1,51,45,45,39,180,45.0,F
STU13854,16,Female,4.7,70.8,76,78,78,92,324,81.0,A
STU13855,16,Female,3.9,90.9,76,64,86,78,304,76.0,B
STU13856,19,Male,4.3,90.8,68,84,77,80,309,77.25,B
STU13857,18,Male,2.3,66.5,71,74,71,79,295,73.75,B
STU13858,17,Female,3.8,90.0,72,71,69,70,282,70.5,B
STU13859,16,Female,7.8,83.0,86,90,97,100,373,93.25,A+
STU13860,17,Male,5.5,89.8,81,86,78,86,331,82.75,A
STU13861,21,Female,0.5,75.7,73,55,62,65,255,63.75,C
STU13862,21,Female,6.7,88.5,77,75,68,70,290,72.5,B
STU13863,19,Male,6.5,90.4,97,73,89,94,353,88.25,A
STU13864,21,Female,3.9,78.5,68,81,74,89,312,78.0,B
STU13865,21,Female,5.8,82.2,82,80,87,79,328,82.0,A
STU13866,18,Male,3.0,75.5,61,87,96,84,328,82.0,A
STU13867,18,Male,3.7,98.5,97,97,99,97,390,97.5,A+
STU13868,18,Female,7.2,80.8,98,92,100,100,390,97.5,A+
STU13869,21,Female,4.0,72.8,90,74,92,95,351,87.75,A
STU13870,19,Male,1.1,74.8,61,75,57,64,257,64.25,C
STU13871,20,Female,4.4,83.3,80,80,75,71,306,76.5,B
STU13872,20,Female,4.4,89.5,76,81,86,93,336,84.0,A
STU13873,17,Female,6.7,68.6,97,90,100,100,387,96.75,A+
STU13874,20,Male,4.5,100.0,75,70,81,87,313,78.25,B
STU13875,20,Female,3.7,85.1,58,63,69,75,265,66.25,C
STU13876,18,Male,6.4,86.7,88,85,79,83,335,83.75,A
STU13877,18,Male,4.7,81.0,76,79,79,84,318,79.5,B
STU13878,21,Male,3.1,82.2,71,54,55,71,251,62.75,C
STU13879,17,Female,6.6,80.5,100,100,99,100,399,99.75,A+
STU13880,16,Female,4.8,92.2,76,78,73,98,325,81.25,A
STU13881,17,Male,4.5,81.9,93,82,83,92,350,87.5,A
STU13882,17,Female,4.8,89.7,81,86,75,87,329,82.25,A
STU13883,19,Male,2.6,77.7,51,65,55,63,234,58.5,D
STU13884,21,Male,3.6,84.0,66,72,57,69,264,66.0,C
STU13885,19,Female,4.5,74.0,60,68,72,81,281,70.25,B
STU13886,17,Female,4.1,94.2,93,89,81,89,352,88.0,A
STU13887,17,Male,6.8,73.7,94,85,87,98,364,91.0,A+
STU13888,17,Female,4.9,78.8,82,82,73,90,327,81.75,A
STU13889,20,Male,6.0,78.9,79,69,70,76,294,73.5,B
STU13890,19,Male,4.5,78.5,65,77,87,74,303,75.75,B
STU13891,17,Female,6.4,89.2,73,71,90,96,330,82.5,A
STU13892,18,Female,5.2,78.8,80,82,87,96,345,86.25,A
STU13893,21,Male,4.5,95.9,100,96,84,99,379,94.75,A+
STU13894,21,Female,4.5,73.8,58,59,72,65,254,63.5,C
STU13895,18,Female,2.8,83.7,66,70,75,92,303,75.75,B
STU13896,21,Male,5.4,74.2,87,89,97,100,373,93.25,A+
STU13897,20,Female,4.4,86.2,91,100,80,97,368,92.0,A+
STU13898,20,Female,3.6,81.8,68,76,81,87,312,78.0,B
STU13899,16,Female,6.5,80.4,81,81,91,95,348,87.0,A
STU13900,16,Female,2.2,93.9,74,70,71,69,284,71.0,B
STU13901,16,Female,3.7,75.5,64,68,81,75,288,72.0,B
STU13902,21,Male,6.3,87.9,90,85,93,90,358,89.5,A
STU13903,20,Female,5.1,74.3,72,65,73,72,282,70.5,B
STU13904,20,Female,4.4,83.1,59,62,66,70,257,64.25,C
STU13905,20,Male,5.0,70.0,76,73,69,85,303,75.75,B
STU13906,18,Female,4.8,75.4,78,75,71,86,310,77.5,B
STU13907,20,Female,1.8,81.2,67,64,62,54,247,61.75,C
STU13908,18,Female,3.9,100.0,64,63,71,74,272,68.0,C
STU13909,16,Male,7.4,83.0,70,100,98,100,368,92.0,A+
STU13910,16,Male,3.3,98.5,73,75,65,79,292,73.0,B
STU13911,21,Female,3.9,84.2,80,66,76,85,307,76.75,B
STU13912,16,Male,3.5,78.1,87,69,88,93,337,84.25,A
STU13913,21,Female,4.3,97.4,87,82,89,90,348,87.0,A
STU13914,17,Male,3.5,86.4,59,69,65,72,265,66.25,C
STU13915,17,Male,5.4,75.6,72,73,59,74,278,69.5,C
STU13916,19,Male,4.9,86.7,87,81,65,93,326,81.5,A
STU13917,21,Male,5.9,79.1,71,68,65,81,285,71.25,B
STU13918,19,Female,2.6,62.1,65,42,45,52,204,51.0,D
STU13919,19,Male,3.9,91.4,70,79,74,83,306,76.5,B
STU13920,17,Male,4.1,92.9,82,75,82,94,333,83.25,A
STU13921,21,Male,5.3,100.0,81,87,100,99,367,91.75,A+
STU13922,17,Female,3.1,86.2,80,85,82,92,339,84.75,A
STU13923,19,Male,6.1,79.5,71,78,88,93,330,82.5,A
STU13924,21,Female,6.6,90.3,73,88,93,95,349,87.25,A
STU13925,19,Female,2.7,90.5,71,82,70,72,295,73.75,B
STU13926,20,Female,3.6,98.4,92,83,88,98,361,90.25,A+
STU13927,21,Female,3.5,81.6,64,64,75,72,275,68.75,C
STU13928,21,Female,9.2,80.3,84,96,86,100,366,91.5,A+
STU13929,19,Female,3.7,74.8,61,57,61,70,249,62.25,C
STU13930,20,Male,7.5,87.4,82,85,100,99,366,91.5,A+
STU13931,18,Male,2.2,66.5,75,80,67,82,304,76.0,B
STU13932,17,Male,2.7,89.8,59,62,70,55,246,61.5,C
STU13933,19,Female,3.3,87.9,75,79,64,88,306,76.5,B
STU13934,21,Female,3.0,87.9,92,84,74,87,337,84.25,A
STU13935,17,Female,4.0,83.4,64,61,66,79,270,67.5,C
STU13936,17,Male,3.2,97.3,61,76,71,78,286,71.5,B
STU13937,17,Female,3.0,90.7,75,60,59,83,277,69.25,C
STU13938,18,Male,6.6,75.9,87,83,83,96,349,87.25,A
STU13939,16,Male,6.7,76.1,84,75,100,100,359,89.75,A
STU13940,19,Male,6.2,73.2,73,83,84,97,337,84.25,A
STU13941,16,Male,5.4,87.5,93,92,99,95,379,94.75,A+
STU13942,16,Female,4.7,72.0,70,83,69,77,299,74.75,B
STU13943,16,Male,3.6,92.8,79,74,72,85,310,77.5,B
STU13944,17,Male,2.8,95.2,70,62,67,58,257,64.25,C
STU13945,20,Female,5.2,73.2,79,81,94,90,344,86.0,A
STU13946,17,Female,2.4,80.1,71,71,78,74,294,73.5,B
STU13947,17,Female,2.7,82.2,83,71,80,79,313,78.25,B
STU13948,21,Male,6.6,90.8,83,94,96,100,373,93.25,A+
STU13949,21,Female,7.9,98.1,72,90,68,92,322,80.5,A
STU13950,16,Female,5.2,65.1,66,61,54,71,252,63.0,C
STU13951,17,Male,6.5,78.8,76,74,79,81,310,77.5,B
STU13952,16,Female,4.1,79.3,68,67,77,76,288,72.0,B
STU13953,21,Male,2.1,68.0,57,83,72,71,283,70.75,B
STU13954,20,Male,5.6,77.1,86,93,83,96,358,89.5,A
STU13955,19,Female,5.5,86.3,95,100,82,98,375,93.75,A+
STU13956,16,Female,4.6,79.2,82,81,84,77,324,81.0,A
STU13957,20,Male,4.1,66.6,65,76,64,77,282,70.5,B
STU13958,19,Female,6.2,100.0,100,88,73,93,354,88.5,A
STU13959,18,Female,2.7,84.7,84,74,69,72,299,74.75,B
STU13960,16,Female,3.1,83.1,82,64,71,85,302,75.5,B
STU13961,16,Male,2.7,71.0,77,76,85,88,326,81.5,A
STU13962,18,Female,4.7,84.6,99,85,94,92,370,92.5,A+
STU13963,18,Male,2.5,80.4,48,54,46,56,204,51.0,D
STU13964,16,Female,3.3,63.1,59,66,78,64,267,66.75,C
STU13965,18,Male,3.2,71.3,76,86,82,89,333,83.25,A
STU13966,17,Male,4.0,89.9,66,81,84,82,313,78.25,B
STU13967,19,Female,1.8,100.0,81,60,92,82,315,78.75,B
STU13968,19,Male,4.7,85.7,78,74,76,79,307,76.75,B
STU13969,19,Male,6.7,93.0,92,79,97,100,368,92.0,A+
STU13970,17,Male,4.7,80.4,68,71,67,77,283,70.75,B
STU13971,18,Female,7.3,81.1,81,78,89,83,331,82.75,A
STU13972,20,Male,6.9,92.9,100,100,99,100,399,99.75,A+
STU13973,18,Female,5.9,98.6,99,97,100,100,396,99.0,A+
STU13974,16,Male,4.6,95.0,88,79,95,88,350,87.5,A
STU13975,21,Male,4.5,71.3,65,72,70,77,284,71.0,B
STU13976,19,Male,5.9,81.3,72,82,84,75,313,78.25,B
STU13977,18,Female,3.8,84.8,72,82,86,80,320,80.0,A
STU13978,20,Male,1.1,79.4,90,80,54,88,312,78.0,B
STU13979,16,Male,5.4,85.9,75,91,75,86,327,81.75,A
STU13980,17,Female,2.5,90.2,53,64,67,60,244,61.0,C
STU13981,17,Female,2.8,92.0,81,84,89,76,330,82.5,A
STU13982,20,Male,4.5,98.9,83,100,76,87,346,86.5,A
STU13983,16,Male,4.3,78.7,87,79,86,91,343,85.75,A
STU13984,19,Female,2.0,68.4,77,61,65,78,281,70.25,B
STU13985,18,Male,4.8,85.6,83,74,80,81,318,79.5,B
STU13986,16,Male,6.2,100.0,84,100,100,96,380,95.0,A+
STU13987,17,Female,2.5,77.2,84,72,85,85,326,81.5,A
STU13988,20,Female,6.8,88.9,85,100,84,100,369,92.25,A+
STU13989,20,Female,1.7,89.0,58,50,60,68,236,59.0,D
STU13990,18,Male,8.3,83.9,73,81,94,94,342,85.5,A
STU13991,20,Male,3.8,82.1,56,70,59,75,260,65.0,C
STU13992,20,Female,4.8,72.8,72,67,69,76,284,71.0,B
STU13993,16,Male,1.1,59.2,56,59,70,60,245,61.25,C
STU13994,19,Female,4.4,70.9,71,71,77,64,283,70.75,B
STU13995,18,Female,4.9,78.1,88,100,97,99,384,96.0,A+
STU13996,16,Male,4.3,93.0,71,55,66,78,270,67.5,C
STU13997,19,Female,3.5,81.0,100,93,97,100,390,97.5,A+
STU13998,16,Female,2.8,76.8,72,82,87,91,332,83.0,A
STU13999,21,Female,6.5,73.1,79,86,89,98,352,88.0,A
STU14000,16,Male,4.6,88.6,67,65,67,72,271,67.75,C
STU14001,20,Male,7.3,95.6,94,84,94,100,372,93.0,A+
STU14002,19,Female,3.6,92.6,81,85,68,73,307,76.75,B
STU14003,18,Male,3.7,88.1,71,74,87,71,303,75.75,B
STU14004,18,Female,6.0,67.2,82,82,85,78,327,81.75,A
STU14005,19,Male,1.6,78.5,59,55,63,62,239,59.75,D
STU14006,20,Female,2.3,100.0,69,64,67,79,279,69.75,C
STU14007,17,Male,6.5,93.2,76,70,96,95,337,84.25,A
STU14008,16,Female,2.4,66.6,58,63,51,68,240,60.0,C
STU14009,20,Male,1.2,81.4,81,86,67,85,319,79.75,B
STU14010,21,Male,7.9,85.6,91,90,90,94,365,91.25,A+
STU14011,19,Male,2.0,74.4,61,68,86,71,286,71.5,B
STU14012,16,Female,4.8,58.9,64,75,84,87,310,77.5,B
STU14013,18,Male,4.6,83.0,79,75,76,91,321,80.25,A
STU14014,17,Female,0.5,74.1,75,59,67,61,262,65.5,C
STU14015,21,Female,4.0,74.2,74,79,77,78,308,77.0,B
STU14016,18,Male,5.3,78.5,90,87,87,90,354,88.5,A
STU14017,19,Female,5.1,80.7,92,91,87,84,354,88.5,A
STU14018,16,Male,6.1,81.9,84,83,93,91,351,87.75,A
STU14019,19,Female,3.8,73.2,66,64,60,68,258,64.5,C
STU14020,16,Female,5.8,79.8,78,76,66,88,308,77.0,B
STU14021,20,Male,3.3,64.4,68,81,68,71,288,72.0,B
STU14022,17,Male,2.0,85.1,63,63,63,74,263,65.75,C
STU14023,20,Male,2.2,53.4,58,70,56,62,246,61.5,C
STU14024,20,Female,1.9,79.1,70,77,71,69,287,71.75,B
STU14025,19,Male,6.3,91.2,92,84,80,94,350,87.5,A
STU14026,17,Female,1.8,71.4,60,58,82,63,263,65.75,C
STU14027,16,Male,5.0,89.2,76,82,74,82,314,78.5,B
STU14028,16,Female,4.0,93.6,85,84,80,95,344,86.0,A
STU14029,21,Male,4.3,50.0,64,71,70,61,266,66.5,C
STU14030,18,Female,7.0,80.5,86,100,78,98,362,90.5,A+
STU14031,21,Female,3.7,53.2,68,76,80,75,299,74.75,B
STU14032,21,Female,5.6,80.8,70,68,80,91,309,77.25,B
STU14033,16,Male,4.6,81.9,100,83,81,88,352,88.0,A
STU14034,19,Male,4.2,57.2,68,72,73,69,282,70.5,B
STU14035,20,Male,8.6,100.0,100,100,100,100,400,100.0,A+
STU14036,20,Female,1.9,84.9,77,65,79,72,293,73.25,B
STU14037,20,Male,6.8,73.5,88,88,100,100,376,94.0,A+
STU14038,17,Female,5.7,96.7,89,78,80,81,328,82.0,A
STU14039,16,Male,3.6,64.0,58,62,49,56,225,56.25,D
STU14040,19,Female,7.4,69.7,70,100,84,98,352,88.0,A
STU14041,17,Female,1.2,59.0,53,63,49,59,224,56.0,D
STU14042,18,Female,3.6,100.0,75,79,82,81,317,79.25,B
STU14043,19,Male,2.3,85.3,48,48,54,53,203,50.75,D
STU14044,21,Male,5.2,88.6,95,73,86,85,339,84.75,A
STU14045,19,Male,2.5,85.0,59,65,60,65,249,62.25,C
STU14046,19,Male,5.3,87.7,97,84,87,88,356,89.0,A
STU14047,20,Female,4.2,82.8,85,73,94,100,352,88.0,A
STU14048,19,Female,3.6,84.7,93,92,84,94,363,90.75,A+
STU14049,21,Female,5.2,83.1,96,96,84,100,376,94.0,A+
STU14050,21,Male,4.0,75.9,73,70,72,73,288,72.0,B
STU14051,16,Female,2.5,81.5,64,65,84,74,287,71.75,B
STU14052,19,Female,9.5,84.7,94,94,94,100,382,95.5,A+
STU14053,20,Female,3.6,83.1,80,72,71,80,303,75.75,B
STU14054,19,Male,0.5,67.2,47,52,63,54,216,54.0,D
STU14055,18,Male,3.0,68.6,54,65,52,71,242,60.5,C
STU14056,18,Male,2.2,92.8,79,91,90,82,342,85.5,A
STU14057,20,Female,6.0,78.9,77,81,63,80,301,75.25,B
STU14058,16,Female,5.1,87.8,98,87,100,100,385,96.25,A+
STU14059,16,Male,5.2,71.1,97,84,95,90,366,91.5,A+
STU14060,21,Male,3.8,67.3,76,77,73,81,307,76.75,B
STU14061,21,Female,4.0,73.6,64,59,63,72,258,64.5,C
STU14062,17,Female,3.8,79.8,64,57,70,66,257,64.25,C
STU14063,20,Male,4.4,75.3,78,75,57,76,286,71.5,B
STU14064,19,Female,6.0,94.9,90,99,90,90,369,92.25,A+
STU14065,20,Female,5.1,83.8,89,90,87,83,349,87.25,A
STU14066,17,Female,5.4,100.0,80,77,77,83,317,79.25,B
STU14067,21,Male,5.4,86.0,74,95,94,95,358,89.5,A
STU14068,20,Female,6.1,57.9,96,93,76,93,358,89.5,A
STU14069,20,Female,5.0,92.6,71,81,75,93,320,80.0,A
STU14070,21,Male,5.1,66.9,82,71,83,82,318,79.5,B
STU14071,17,Female,6.6,84.3,81,69,70,96,316,79.0,B
STU14072,21,Female,3.3,74.3,69,72,58,73,272,68.0,C
STU14073,16,Female,3.0,100.0,83,75,90,91,339,84.75,A
STU14074,19,Male,2.4,96.4,83,63,81,79,306,76.5,B
STU14075,21,Female,4.8,74.6,69,73,65,75,282,70.5,B
STU14076,17,Female,1.2,80.7,66,72,64,66,268,67.0,C
STU14077,18,Male,5.3,84.4,85,59,71,92,307,76.75,B
STU14078,16,Female,4.3,90.6,89,75,77,82,323,80.75,A
STU14079,18,Female,6.5,82.3,81,94,92,100,367,91.75,A+
STU14080,21,Female,3.3,71.8,56,41,49,60,206,51.5,D
STU14081,16,Male,4.1,74.8,66,72,81,78,297,74.25,B
STU14082,19,Female,6.5,82.0,81,81,97,96,355,88.75,A
STU14083,21,Male,7.0,94.3,89,80,90,89,348,87.0,A
STU14084,19,Male,3.3,86.3,70,67,75,75,287,71.75,B
STU14085,20,Female,4.8,74.3,80,65,63,83,291,72.75,B
STU14086,18,Male,5.0,88.5,75,70,90,86,321,80.25,A
STU14087,16,Female,5.2,78.1,78,79,80,87,324,81.0,A
STU14088,19,Male,4.0,90.9,80,95,73,89,337,84.25,A
STU14089,17,Male,6.8,100.0,69,81,78,84,312,78.0,B
STU14090,19,Male,1.1,78.4,62,75,75,71,283,70.75,B
STU14091,17,Female,3.7,90.0,81,80,80,84,325,81.25,A
STU14092,21,Female,5.3,74.5,90,90,87,100,367,91.75,A+
STU14093,16,Female,5.3,80.9,79,74,78,76,307,76.75,B
STU14094,19,Male,6.9,82.3,84,89,82,91,346,86.5,A
STU14095,19,Male,6.7,80.1,73,91,90,92,346,86.5,A
STU14096,16,Female,4.0,100.0,87,85,79,88,339,84.75,A
STU14097,19,Male,6.8,78.9,74,75,80,79,308,77.0,B
STU14098,17,Male,3.2,87.9,69,85,70,73,297,74.25,B
STU14099,19,Female,6.2,62.7,82,90,95,85,352,88.0,A
STU14100,18,Male,7.8,86.3,78,83,74,96,331,82.75,A
STU14101,21,Female,6.7,93.4,100,100,91,100,391,97.75,A+
STU14102,20,Female,4.7,76.7,72,66,73,73,284,71.0,B
STU14103,17,Male,3.9,56.9,54,78,74,63,269,67.25,C
STU14104,18,Male,1.7,81.6,73,82,88,91,334,83.5,A
STU14105,21,Male,5.1,82.2,87,94,87,94,362,90.5,A+
STU14106,16,Female,2.5,89.2,67,90,76,87,320,80.0,A
STU14107,17,Female,3.1,100.0,83,92,89,90,354,88.5,A
STU14108,20,Male,2.4,78.2,76,78,88,86,328,82.0,A
STU14109,21,Male,3.7,73.4,57,71,73,69,270,67.5,C
STU14110,20,Female,4.4,70.3,86,84,74,90,334,83.5,A
STU14111,16,Female,5.0,84.0,67,74,70,65,276,69.0,C
STU14112,16,Male,3.4,86.8,86,68,63,84,301,75.25,B
STU14113,17,Male,6.4,76.5,77,78,91,88,334,83.5,A
STU14114,19,Male,4.1,89.8,75,99,87,82,343,85.75,A
STU14115,16,Female,3.1,86.7,83,95,74,94,346,86.5,A
STU14116,21,Female,4.9,82.4,96,94,88,77,355,88.75,A
STU14117,19,Male,8.0,73.0,95,100,90,100,385,96.25,A+
STU14118,18,Female,5.1,77.2,100,87,94,93,374,93.5,A+
STU14119,20,Male,3.8,57.7,70,72,62,65,269,67.25,C
STU14120,19,Male,1.8,84.4,67,60,85,78,290,72.5,B
STU14121,20,Male,4.1,82.3,72,84,96,89,341,85.25,A
STU14122,19,Female,4.9,83.9,95,79,100,94,368,92.0,A+
STU14123,18,Female,3.8,87.0,75,73,68,69,285,71.25,B
STU14124,16,Female,1.5,85.9,64,54,84,66,268,67.0,C
STU14125,18,Male,3.0,80.9,70,79,63,72,284,71.0,B
STU14126,16,Male,7.1,82.5,75,79,75,89,318,79.5,B
STU14127,16,Male,7.1,68.0,80,68,94,97,339,84.75,A
STU14128,20,Female,2.9,76.2,96,81,87,79,343,85.75,A
STU14129,21,Male,5.7,82.5,73,91,68,85,317,79.25,B
STU14130,18,Female,2.4,74.6,84,83,94,77,338,84.5,A
STU14131,19,Male,7.0,90.6,96,93,100,100,389,97.25,A+
STU14132,18,Male,4.9,75.4,85,68,79,100,332,83.0,A
STU14133,20,Male,6.2,84.2,90,78,79,86,333,83.25,A
STU14134,16,Male,1.4,83.2,55,62,62,55,234,58.5,D
STU14135,20,Male,5.7,89.5,68,80,83,94,325,81.25,A
STU14136,17,Male,4.5,91.0,93,89,94,100,376,94.0,A+
STU14137,17,Female,6.0,88.9,78,78,69,82,307,76.75,B
STU14138,19,Female,6.1,60.9,86,86,85,100,357,89.25,A
STU14139,20,Male,4.6,93.9,61,62,75,71,269,67.25,C
STU14140,19,Male,3.4,97.3,77,70,84,83,314,78.5,B
STU14141,19,Male,5.9,77.2,100,88,97,100,385,96.25,A+
STU14142,17,Male,4.4,84.4,87,73,91,91,342,85.5,A
STU14143,19,Male,2.9,73.1,71,71,72,71,285,71.25,B
STU14144,17,Female,2.8,62.5,79,79,79,84,321,80.25,A
STU14145,16,Male,1.8,74.6,65,79,67,82,293,73.25,B
STU14146,20,Male,3.6,76.6,92,95,73,92,352,88.0,A
STU14147,19,Male,6.5,78.5,73,80,87,88,328,82.0,A
STU14148,17,Male,4.8,72.4,71,74,71,75,291,72.75,B
STU14149,18,Female,3.5,74.7,78,72,70,78,298,74.5,B
STU14150,19,Male,5.9,81.9,94,86,89,92,361,90.25,A+
STU14151,21,Male,3.0,74.3,68,58,65,66,257,64.25,C
STU14152,16,Female,4.7,87.4,78,82,90,97,347,86.75,A
STU14153,16,Male,4.2,88.8,75,83,78,90,326,81.5,A
STU14154,18,Female,5.9,100.0,100,100,100,100,400,100.0,A+
STU14155,17,Female,1.7,93.3,74,76,80,85,315,78.75,B
STU14156,19,Male,3.0,84.4,58,67,48,68,241,60.25,C
STU14157,17,Female,1.6,75.8,56,62,66,77,261,65.25,C
STU14158,16,Male,4.0,84.9,70,66,49,62,247,61.75,C
STU14159,17,Female,6.7,85.3,93,86,86,94,359,89.75,A
STU14160,16,Male,3.6,76.9,79,69,85,81,314,78.5,B
STU14161,17,Male,3.6,89.8,79,87,78,74,318,79.5,B
STU14162,18,Female,6.1,68.0,90,74,65,86,315,78.75,B
STU14163,20,Female,6.4,79.6,81,79,78,94,332,83.0,A
STU14164,18,Female,4.3,87.6,80,77,60,98,315,78.75,B
STU14165,18,Female,5.7,79.1,71,75,67,89,302,75.5,B
STU14166,20,Male,2.6,79.9,61,71,65,61,258,64.5,C
STU14167,20,Male,7.0,80.6,67,69,68,82,286,71.5,B
STU14168,19,Male,8.4,73.6,97,100,100,100,397,99.25,A+
STU14169,19,Male,5.4,93.7,78,89,90,96,353,88.25,A
STU14170,18,Male,0.7,71.8,62,76,63,65,266,66.5,C
STU14171,18,Female,3.5,85.2,87,91,94,84,356,89.0,A
STU14172,16,Male,5.6,86.1,86,76,73,79,314,78.5,B
STU14173,16,Male,3.7,72.5,60,69,66,59,254,63.5,C
STU14174,19,Male,6.8,82.7,87,99,72,93,351,87.75,A
STU14175,21,Female,5.6,72.9,72,87,92,93,344,86.0,A
STU14176,21,Female,3.2,95.9,53,79,53,73,258,64.5,C
STU14177,19,Female,4.6,70.6,68,74,70,87,299,74.75,B
STU14178,16,Male,2.9,75.5,78,59,61,68,266,66.5,C
STU14179,16,Female,4.2,69.8,68,62,76,68,274,68.5,C
STU14180,21,Male,3.5,68.4,62,79,61,70,272,68.0,C
STU14181,17,Female,6.6,97.9,64,82,67,78,291,72.75,B
STU14182,17,Female,8.3,87.4,84,87,84,94,349,87.25,A
STU14183,16,Male,1.9,83.4,56,45,65,72,238,59.5,D
STU14184,17,Female,1.0,75.4,74,64,73,67,278,69.5,C
STU14185,20,Female,4.1,91.1,76,70,92,87,325,81.25,A
STU14186,19,Male,1.8,73.8,58,66,90,64,278,69.5,C
STU14187,19,Female,4.6,89.9,75,53,66,62,256,64.0,C
STU14188,16,Male,5.8,73.3,65,63,78,86,292,73.0,B
STU14189,18,Male,7.2,75.6,87,100,83,100,370,92.5,A+
STU14190,21,Male,4.9,89.6,87,74,95,78,334,83.5,A
STU14191,16,Male,4.2,90.6,88,96,88,93,365,91.25,A+
STU14192,17,Female,0.9,88.0,46,48,49,55,198,49.5,F
STU14193,21,Male,4.5,71.5,71,73,85,82,311,77.75,B
STU14194,18,Female,4.6,77.5,64,75,68,80,287,71.75,B
STU14195,17,Male,5.7,83.6,70,75,60,75,280,70.0,B
STU14196,20,Female,3.2,73.5,77,76,84,77,314,78.5,B
STU14197,17,Female,3.7,95.7,88,89,99,96,372,93.0,A+
STU14198,20,Female,1.8,58.0,66,62,74,72,274,68.5,C
STU14199,21,Male,0.5,74.2,74,64,76,78,292,73.0,B
STU14200,20,Male,2.5,76.9,70,78,79,81,308,77.0,B
STU14201,21,Male,1.7,53.6,53,59,54,58,224,56.0,D
STU14202,21,Female,5.1,68.0,86,71,80,87,324,81.0,A
STU14203,21,Female,3.6,88.3,71,74,73,83,301,75.25,B
STU14204,21,Male,3.5,82.3,88,100,91,96,375,93.75,A+
STU14205,21,Male,2.7,97.7,83,83,97,85,348,87.0,A
STU14206,17,Female,0.5,97.5,71,64,69,63,267,66.75,C
STU14207,21,Male,7.2,86.3,90,98,99,99,386,96.5,A+
STU14208,17,Female,2.7,85.1,70,57,68,63,258,64.5,C
STU14209,21,Female,3.8,82.7,79,70,83,79,311,77.75,B
STU14210,20,Female,1.9,55.4,51,45,61,65,222,55.5,D
STU14211,21,Male,6.2,68.1,75,70,63,68,276,69.0,C
STU14212,18,Male,4.8,83.0,76,91,83,98,348,87.0,A
STU14213,21,Female,3.0,88.2,83,86,75,83,327,81.75,A
STU14214,21,Female,3.8,84.9,81,77,87,83,328,82.0,A
STU14215,20,Male,7.5,73.1,79,94,93,97,363,90.75,A+
STU14216,19,Male,4.4,91.4,72,72,61,67,272,68.0,C
STU14217,20,Female,4.2,96.8,72,72,76,72,292,73.0,B
STU14218,18,Female,2.8,91.4,63,42,78,62,245,61.25,C
STU14219,19,Female,1.1,91.9,70,59,64,65,258,64.5,C
STU14220,16,Female,4.2,76.4,79,73,87,84,323,80.75,A
STU14221,16,Male,5.1,92.8,93,96,99,100,388,97.0,A+
STU14222,18,Male,6.5,83.5,72,74,64,77,287,71.75,B
STU14223,20,Female,0.5,87.1,52,49,59,45,205,51.25,D
STU14224,17,Female,2.5,85.7,67,67,76,67,277,69.25,C
STU14225,18,Male,3.5,80.8,51,43,49,63,206,51.5,D
STU14226,19,Male,4.5,73.4,69,73,88,95,325,81.25,A
STU14227,19,Female,4.2,81.2,61,69,76,78,284,71.0,B
STU14228,21,Male,4.3,91.9,83,83,74,81,321,80.25,A
STU14229,16,Male,5.2,77.6,81,100,91,96,368,92.0,A+
STU14230,19,Female,2.9,90.9,75,70,71,81,297,74.25,B
STU14231,18,Female,6.2,89.4,83,93,78,84,338,84.5,A
STU14232,19,Female,5.3,79.0,81,85,84,90,340,85.0,A
STU14233,18,Male,3.9,95.9,100,89,89,93,371,92.75,A+
STU14234,17,Female,7.4,78.4,92,91,91,100,374,93.5,A+
STU14235,21,Female,7.3,97.1,100,98,98,100,396,99.0,A+
STU14236,16,Female,6.2,86.3,86,88,88,86,348,87.0,A
STU14237,19,Female,0.5,81.8,58,66,66,65,255,63.75,C
STU14238,18,Male,7.3,73.1,87,82,80,96,345,86.25,A
STU14239,20,Male,5.9,81.1,87,76,76,84,323,80.75,A
STU14240,16,Male,8.1,80.0,94,100,73,90,357,89.25,A
STU14241,17,Male,6.7,69.4,100,96,94,100,390,97.5,A+
STU14242,18,Female,7.3,79.8,100,100,100,100,400,100.0,A+
STU14243,21,Female,6.1,74.0,88,100,100,100,388,97.0,A+
STU14244,21,Female,6.9,87.9,75,75,81,79,310,77.5,B
STU14245,17,Female,8.1,95.1,76,85,91,98,350,87.5,A
STU14246,17,Male,4.9,69.7,71,72,68,61,272,68.0,C
STU14247,21,Male,1.7,99.1,67,81,68,62,278,69.5,C
STU14248,19,Male,3.9,80.7,30,36,45,54,165,41.25,F
STU14249,19,Male,5.2,72.2,90,68,72,66,296,74.0,B
STU14250,18,Male,4.6,89.6,87,85,87,100,359,89.75,A
STU14251,20,Female,2.3,77.5,70,74,75,79,298,74.5,B
STU14252,18,Female,1.6,81.2,72,55,58,73,258,64.5,C
STU14253,20,Male,3.2,78.0,58,72,72,71,273,68.25,C
STU14254,17,Male,6.0,73.8,93,88,88,95,364,91.0,A+
STU14255,16,Female,7.3,89.2,94,100,100,100,394,98.5,A+
STU14256,18,Male,6.1,79.1,69,86,84,81,320,80.0,A
STU14257,18,Female,6.4,67.6,91,85,79,85,340,85.0,A
STU14258,20,Female,4.4,87.5,80,72,75,73,300,75.0,B
STU14259,17,Female,1.4,69.9,56,52,56,56,220,55.0,D
STU14260,17,Male,3.7,70.5,71,66,90,73,300,75.0,B
STU14261,20,Female,4.0,93.9,80,67,70,81,298,74.5,B
STU14262,17,Male,3.6,70.0,51,67,62,82,262,65.5,C
STU14263,21,Female,4.6,58.8,77,76,68,80,301,75.25,B
STU14264,19,Male,5.3,88.2,79,76,88,95,338,84.5,A
STU14265,21,Male,6.0,79.0,78,93,84,95,350,87.5,A
STU14266,16,Female,4.0,79.8,71,67,69,81,288,72.0,B
STU14267,18,Female,1.1,78.9,54,32,49,51,186,46.5,F
STU14268,16,Female,3.6,84.3,75,69,76,82,302,75.5,B
STU14269,18,Female,4.6,74.5,68,66,58,90,282,70.5,B
STU14270,19,Female,6.7,96.8,75,86,97,86,344,86.0,A
STU14271,17,Male,3.5,67.2,59,65,67,63,254,63.5,C
STU14272,21,Female,5.4,86.4,85,86,81,92,344,86.0,A
STU14273,20,Female,5.0,88.4,99,99,88,95,381,95.25,A+
STU14274,21,Female,4.6,74.4,75,72,74,82,303,75.75,B
STU14275,19,Female,6.2,71.8,68,85,77,78,308,77.0,B
STU14276,16,Male,3.3,92.2,75,86,88,92,341,85.25,A
STU14277,20,Female,3.5,72.1,77,74,80,83,314,78.5,B
STU14278,17,Male,4.5,75.9,64,63,69,64,260,65.0,C
STU14279,19,Male,3.3,90.9,78,78,68,79,303,75.75,B
STU14280,20,Female,5.4,82.3,95,98,97,100,390,97.5,A+
STU14281,19,Male,3.2,64.0,54,32,56,51,193,48.25,F
STU14282,19,Female,4.9,99.5,71,72,68,86,297,74.25,B
STU14283,17,Male,4.3,76.7,57,65,64,60,246,61.5,C
STU14284,18,Male,4.9,78.0,76,79,93,87,335,83.75,A
STU14285,20,Female,3.7,84.6,75,84,94,90,343,85.75,A
STU14286,17,Female,3.9,88.3,88,85,84,88,345,86.25,A
STU14287,19,Female,4.7,100.0,95,97,92,99,383,95.75,A+
STU14288,17,Female,4.9,65.4,76,76,85,88,325,81.25,A
STU14289,18,Female,4.5,90.3,83,94,84,100,361,90.25,A+
STU14290,21,Male,7.6,89.4,92,94,97,100,383,95.75,A+
STU14291,20,Male,2.7,80.6,63,68,62,77,270,67.5,C
STU14292,18,Male,4.4,89.9,93,74,82,92,341,85.25,A
STU14293,16,Female,1.7,91.3,57,68,60,72,257,64.25,C
STU14294,20,Female,5.2,68.2,84,72,78,77,311,77.75,B
STU14295,18,Male,2.5,99.5,73,69,83,81,306,76.5,B
STU14296,19,Female,4.0,66.4,61,70,66,82,279,69.75,C
STU14297,20,Female,3.8,70.6,78,85,85,97,345,86.25,A
STU14298,20,Male,5.0,79.4,67,68,74,74,283,70.75,B
STU14299,17,Male,3.5,100.0,64,68,74,76,282,70.5,B
STU14300,19,Female,3.4,78.9,58,66,72,69,265,66.25,C
STU14301,16,Female,7.1,81.7,80,100,100,100,380,95.0,A+
STU14302,21,Female,5.0,96.3,82,55,79,65,281,70.25,B
STU14303,18,Male,3.5,79.0,72,76,76,70,294,73.5,B
STU14304,17,Female,4.0,70.2,77,80,73,97,327,81.75,A
STU14305,18,Male,7.5,77.8,92,88,84,97,361,90.25,A+
STU14306,16,Male,4.1,95.7,73,75,74,77,299,74.75,B
STU14307,16,Female,3.3,82.7,53,70,77,86,286,71.5,B
STU14308,20,Male,3.3,100.0,89,74,60,66,289,72.25,B
STU14309,16,Female,3.5,89.4,69,65,73,80,287,71.75,B
STU14310,18,Male,3.4,75.6,65,81,73,65,284,71.0,B
STU14311,19,Female,2.2,82.5,56,75,56,66,253,63.25,C
STU14312,19,Female,2.5,73.5,63,76,67,80,286,71.5,B
STU14313,20,Male,3.0,75.3,81,69,80,70,300,75.0,B
STU14314,21,Female,5.6,100.0,100,100,100,100,400,100.0,A+
STU14315,18,Male,3.8,92.2,95,100,85,100,380,95.0,A+
STU14316,18,Female,4.1,90.6,76,77,78,89,320,80.0,A
STU14317,16,Male,6.8,75.8,100,91,77,100,368,92.0,A+
STU14318,18,Male,6.8,97.7,86,88,97,93,364,91.0,A+
STU14319,17,Male,4.0,93.0,73,76,71,81,301,75.25,B
STU14320,21,Male,3.4,100.0,85,80,98,73,336,84.0,A
STU14321,16,Female,2.9,100.0,54,60,65,74,253,63.25,C
STU14322,17,Male,5.7,67.2,67,77,80,86,310,77.5,B
STU14323,20,Male,4.1,70.9,75,90,87,82,334,83.5,A
STU14324,19,Male,3.8,72.0,87,84,98,100,369,92.25,A+
STU14325,20,Male,3.0,72.6,56,58,72,68,254,63.5,C
STU14326,19,Female,3.1,85.2,65,68,69,63,265,66.25,C
STU14327,20,Female,5.1,76.3,79,87,83,92,341,85.25,A
STU14328,18,Male,2.1,100.0,69,64,57,59,249,62.25,C
STU14329,17,Female,6.3,100.0,93,98,87,97,375,93.75,A+
STU14330,19,Female,3.5,81.9,65,80,75,86,306,76.5,B
STU14331,16,Male,4.2,100.0,91,81,93,90,355,88.75,A
STU14332,17,Female,2.1,96.9,64,73,70,75,282,70.5,B
STU14333,16,Female,4.5,77.5,77,57,79,73,286,71.5,B
STU14334,17,Female,3.9,61.9,59,72,64,77,272,68.0,C
STU14335,17,Female,4.4,79.8,71,69,82,69,291,72.75,B
STU14336,20,Male,7.1,75.6,75,71,80,86,312,78.0,B
STU14337,19,Female,4.8,84.1,83,79,88,100,350,87.5,A
STU14338,19,Female,3.1,82.9,83,83,88,87,341,85.25,A
STU14339,17,Female,3.2,82.6,81,71,87,82,321,80.25,A
STU14340,18,Female,5.6,87.2,86,75,91,87,339,84.75,A
STU14341,18,Male,6.8,69.9,80,77,96,82,335,83.75,A
STU14342,16,Female,5.0,86.1,77,83,100,89,349,87.25,A
STU14343,16,Female,5.7,77.6,88,89,92,94,363,90.75,A+
STU14344,20,Male,5.6,84.0,80,81,82,95,338,84.5,A
STU14345,17,Male,7.1,91.6,97,100,100,100,397,99.25,A+
STU14346,16,Female,1.0,69.8,57,64,45,51,217,54.25,D
STU14347,16,Male,5.7,79.2,80,85,88,72,325,81.25,A
STU14348,21,Male,6.3,80.8,83,78,74,99,334,83.5,A
STU14349,17,Male,2.1,76.9,60,71,64,58,253,63.25,C
STU14350,20,Male,2.9,91.0,87,76,96,84,343,85.75,A
STU14351,16,Male,3.0,74.8,70,64,58,76,268,67.0,C
STU14352,20,Male,3.2,76.4,78,80,76,78,312,78.0,B
STU14353,19,Male,3.6,74.9,86,88,79,100,353,88.25,A
STU14354,20,Female,4.9,92.9,84,74,67,88,313,78.25,B
STU14355,18,Female,6.1,77.1,67,80,65,69,281,70.25,B
STU14356,18,Male,6.4,86.6,90,98,97,96,381,95.25,A+
STU14357,20,Male,3.0,100.0,92,78,85,81,336,84.0,A
STU14358,18,Female,3.0,81.3,61,82,68,65,276,69.0,C
STU14359,19,Male,6.9,93.1,100,100,82,100,382,95.5,A+
STU14360,17,Male,5.7,98.7,83,94,96,100,373,93.25,A+
STU14361,18,Male,4.6,92.3,78,90,63,72,303,75.75,B
STU14362,18,Female,5.4,81.8,88,84,69,88,329,82.25,A
STU14363,20,Female,4.4,88.4,77,95,84,100,356,89.0,A
STU14364,19,Female,5.4,69.1,72,70,82,85,309,77.25,B
STU14365,17,Female,3.9,74.2,78,74,79,74,305,76.25,B
STU14366,20,Female,5.0,76.0,58,54,61,57,230,57.5,D
STU14367,20,Male,1.8,100.0,61,70,54,72,257,64.25,C
STU14368,21,Female,3.3,73.9,72,61,70,67,270,67.5,C
STU14369,19,Male,3.3,73.7,72,90,70,87,319,79.75,B
STU14370,17,Female,3.8,71.6,77,55,73,63,268,67.0,C
STU14371,19,Female,2.8,87.6,68,72,91,85,316,79.0,B
STU14372,17,Female,3.5,83.4,73,69,76,70,288,72.0,B
STU14373,19,Male,1.8,92.9,72,74,84,76,306,76.5,B
STU14374,20,Male,5.5,88.7,57,79,74,84,294,73.5,B
STU14375,20,Female,4.4,68.2,70,77,65,87,299,74.75,B
STU14376,16,Female,1.4,73.9,46,53,52,69,220,55.0,D
STU14377,18,Female,3.0,95.7,84,78,74,84,320,80.0,A
STU14378,21,Male,5.1,80.0,75,75,78,89,317,79.25,B
STU14379,19,Female,3.5,93.9,70,71,71,86,298,74.5,B
STU14380,21,Female,3.2,80.5,67,65,77,72,281,70.25,B
STU14381,16,Female,4.4,72.3,75,72,69,75,291,72.75,B
STU14382,18,Female,5.1,79.0,72,82,97,77,328,82.0,A
STU14383,19,Female,1.9,72.3,67,62,51,49,229,57.25,D
STU14384,17,Female,5.5,76.3,82,94,89,93,358,89.5,A
STU14385,18,Female,3.1,84.0,69,93,73,87,322,80.5,A
STU14386,20,Female,4.5,87.1,76,68,76,80,300,75.0,B
STU14387,16,Male,4.4,66.1,69,64,75,78,286,71.5,B
STU14388,18,Male,3.6,81.8,65,73,68,71,277,69.25,C
STU14389,18,Female,2.7,76.1,57,71,60,73,261,65.25,C
STU14390,20,Female,4.0,75.5,68,77,68,85,298,74.5,B
STU14391,19,Female,7.4,83.3,98,99,99,100,396,99.0,A+
STU14392,17,Female,2.0,76.5,80,70,73,71,294,73.5,B
STU14393,20,Male,7.5,95.8,81,86,80,100,347,86.75,A
STU14394,17,Female,4.0,93.9,94,82,90,92,358,89.5,A
STU14395,19,Female,4.6,93.8,90,85,68,96,339,84.75,A
STU14396,18,Male,2.5,77.1,55,75,66,73,269,67.25,C
STU14397,17,Male,3.1,72.4,57,54,57,70,238,59.5,D
STU14398,16,Female,3.6,82.8,75,74,68,62,279,69.75,C
STU14399,16,Male,2.6,80.5,84,63,85,71,303,75.75,B
STU14400,20,Female,4.1,75.9,81,83,71,92,327,81.75,A
STU14401,19,Male,3.8,70.2,70,68,90,68,296,74.0,B
STU14402,20,Female,7.8,81.6,89,87,100,98,374,93.5,A+
STU14403,20,Female,2.4,78.0,52,30,48,36,166,41.5,F
STU14404,21,Female,4.7,88.9,83,84,81,94,342,85.5,A
STU14405,20,Male,4.9,88.7,85,80,81,88,334,83.5,A
STU14406,21,Female,2.6,93.0,83,70,83,81,317,79.25,B
STU14407,16,Male,5.7,69.4,76,70,79,88,313,78.25,B
STU14408,16,Male,3.8,86.0,93,97,89,90,369,92.25,A+
STU14409,20,Female,0.5,74.7,62,42,51,54,209,52.25,D
STU14410,16,Female,5.7,69.8,92,96,81,100,369,92.25,A+
STU14411,19,Female,2.5,77.7,69,65,61,78,273,68.25,C
STU14412,21,Male,2.6,92.7,76,70,88,78,312,78.0,B
STU14413,21,Male,5.7,78.3,73,75,87,88,323,80.75,A
STU14414,20,Male,3.9,97.7,63,74,79,62,278,69.5,C
STU14415,16,Female,6.2,87.5,96,84,88,100,368,92.0,A+
STU14416,17,Female,6.7,78.1,86,91,88,92,357,89.25,A
STU14417,21,Female,3.3,93.6,88,80,98,100,366,91.5,A+
STU14418,20,Female,5.9,86.5,72,78,75,84,309,77.25,B
STU14419,20,Male,3.1,72.7,64,69,76,71,280,70.0,B
STU14420,19,Male,8.5,100.0,100,100,100,100,400,100.0,A+
STU14421,18,Male,3.3,84.6,80,82,83,90,335,83.75,A
STU14422,18,Male,6.3,82.2,85,91,86,95,357,89.25,A
STU14423,21,Male,6.0,73.4,62,74,68,80,284,71.0,B
STU14424,19,Female,5.1,93.8,80,87,76,100,343,85.75,A
STU14425,19,Male,3.3,87.2,77,80,74,65,296,74.0,B
STU14426,19,Female,4.2,88.3,80,77,88,92,337,84.25,A
STU14427,21,Male,0.6,76.9,70,50,69,60,249,62.25,C
STU14428,18,Female,4.9,90.3,96,98,100,100,394,98.5,A+
STU14429,19,Female,5.1,91.1,80,88,94,85,347,86.75,A
STU14430,16,Female,4.7,75.3,72,86,93,92,343,85.75,A
STU14431,20,Male,0.5,67.8,49,43,60,57,209,52.25,D
STU14432,20,Female,2.2,87.8,61,63,72,77,273,68.25,C
STU14433,17,Female,3.2,66.3,56,72,76,70,274,68.5,C
STU14434,17,Male,5.0,83.5,90,97,70,86,343,85.75,A
STU14435,21,Male,5.0,77.5,91,88,83,92,354,88.5,A
STU14436,21,Male,4.2,94.2,86,80,71,97,334,83.5,A
STU14437,20,Female,5.6,78.1,74,92,87,85,338,84.5,A
STU14438,16,Female,2.7,93.1,76,74,70,72,292,73.0,B
STU14439,18,Female,5.6,76.9,74,84,100,98,356,89.0,A
STU14440,18,Male,5.4,92.0,100,86,89,100,375,93.75,A+
STU14441,21,Male,5.2,100.0,54,56,66,66,242,60.5,C
STU14442,16,Female,4.2,71.3,63,91,69,75,298,74.5,B
STU14443,21,Male,7.8,84.9,91,100,88,98,377,94.25,A+
STU14444,18,Female,5.4,100.0,92,87,83,98,360,90.0,A+
STU14445,21,Female,2.8,82.7,69,83,61,79,292,73.0,B
STU14446,19,Male,4.9,82.6,77,89,69,89,324,81.0,A
STU14447,21,Female,5.9,89.9,84,81,83,88,336,84.0,A
STU14448,20,Male,3.4,82.4,63,70,73,77,283,70.75,B
STU14449,21,Female,6.5,64.9,77,85,100,100,362,90.5,A+
STU14450,20,Male,5.2,93.3,70,72,63,88,293,73.25,B
STU14451,16,Female,0.5,62.0,66,62,88,73,289,72.25,B
STU14452,18,Male,5.0,77.8,96,85,100,87,368,92.0,A+
STU14453,17,Male,3.8,94.1,69,78,90,89,326,81.5,A
STU14454,17,Female,5.5,78.4,84,84,77,82,327,81.75,A
STU14455,18,Male,6.2,75.1,88,77,80,92,337,84.25,A
STU14456,17,Female,4.9,90.8,90,88,94,85,357,89.25,A
STU14457,21,Male,7.5,73.5,100,77,86,99,362,90.5,A+
STU14458,16,Female,4.2,69.8,85,93,88,88,354,88.5,A
STU14459,16,Male,5.6,84.7,71,73,80,88,312,78.0,B
STU14460,18,Female,5.9,80.2,86,89,82,87,344,86.0,A
STU14461,17,Male,4.3,69.6,58,66,66,68,258,64.5,C
STU14462,21,Male,5.9,88.4,76,84,89,81,330,82.5,A
STU14463,16,Male,3.4,86.6,78,77,71,79,305,76.25,B
STU14464,16,Female,3.7,78.4,76,70,84,83,313,78.25,B
STU14465,19,Male,2.1,79.1,55,55,44,68,222,55.5,D
STU14466,19,Female,4.9,86.7,75,84,70,87,316,79.0,B
STU14467,16,Female,5.1,93.9,98,91,93,100,382,95.5,A+
STU14468,18,Male,6.6,79.2,100,94,99,94,387,96.75,A+
STU14469,20,Female,5.9,88.5,75,77,95,100,347,86.75,A
STU14470,20,Male,4.0,87.7,56,65,61,61,243,60.75,C
STU14471,21,Male,2.4,90.8,90,82,97,92,361,90.25,A+
STU14472,16,Female,5.3,82.4,72,88,81,89,330,82.5,A
STU14473,16,Female,6.5,72.9,79,74,85,86,324,81.0,A
STU14474,16,Female,5.9,77.4,78,85,82,87,332,83.0,A
STU14475,18,Male,6.5,85.4,93,90,87,100,370,92.5,A+
STU14476,19,Male,4.1,100.0,84,80,82,85,331,82.75,A
STU14477,16,Male,3.7,77.2,74,92,87,85,338,84.5,A
STU14478,16,Female,3.2,90.0,80,67,83,71,301,75.25,B
STU14479,17,Female,4.4,78.7,79,71,85,85,320,80.0,A
STU14480,18,Female,4.4,83.1,97,100,86,97,380,95.0,A+
STU14481,21,Male,4.9,97.2,92,75,78,88,333,83.25,A
STU14482,16,Male,4.3,89.6,78,60,74,77,289,72.25,B
STU14483,17,Male,4.3,69.6,74,74,68,66,282,70.5,B
STU14484,20,Male,3.1,76.3,74,69,76,71,290,72.5,B
STU14485,21,Male,6.2,94.6,96,100,100,100,396,99.0,A+
STU14486,16,Female,4.6,83.4,89,86,97,100,372,93.0,A+
STU14487,16,Female,4.2,70.5,81,63,72,81,297,74.25,B
STU14488,17,Female,3.2,73.8,83,77,72,85,317,79.25,B
STU14489,18,Male,2.1,89.0,86,80,88,81,335,83.75,A
STU14490,16,Male,6.9,91.9,100,92,100,95,387,96.75,A+
STU14491,20,Female,5.5,82.2,80,68,81,84,313,78.25,B
STU14492,16,Male,1.6,100.0,56,38,48,65,207,51.75,D
STU14493,20,Female,5.9,90.2,97,91,85,92,365,91.25,A+
STU14494,21,Female,6.2,79.6,88,84,83,98,353,88.25,A
STU14495,21,Male,4.7,73.8,76,67,70,64,277,69.25,C
STU14496,19,Female,7.4,72.3,89,86,93,95,363,90.75,A+
STU14497,19,Male,4.9,85.4,82,72,85,84,323,80.75,A
STU14498,20,Female,1.9,77.1,75,56,77,57,265,66.25,C
STU14499,18,Female,5.2,98.7,85,99,94,81,359,89.75,A
STU14500,16,Male,4.9,96.7,99,94,84,93,370,92.5,A+
STU14501,16,Male,3.4,88.3,72,89,80,71,312,78.0,B
STU14502,19,Female,5.5,70.2,81,80,76,74,311,77.75,B
STU14503,20,Female,1.5,75.3,75,68,71,77,291,72.75,B
STU14504,16,Male,6.3,94.6,79,80,73,82,314,78.5,B
STU14505,16,Female,2.9,76.4,87,81,92,91,351,87.75,A
STU14506,18,Male,2.7,93.2,98,94,78,83,353,88.25,A
STU14507,17,Male,4.3,86.7,80,95,73,97,345,86.25,A
STU14508,19,Male,5.3,82.5,73,74,81,89,317,79.25,B
STU14509,19,Male,4.8,75.0,91,76,72,88,327,81.75,A
STU14510,17,Male,3.2,81.1,75,78,89,73,315,78.75,B
STU14511,16,Female,3.6,83.9,74,66,79,81,300,75.0,B
STU14512,18,Male,2.5,92.3,65,71,66,65,267,66.75,C
STU14513,18,Male,4.1,73.1,77,79,69,85,310,77.5,B
STU14514,19,Male,6.4,79.4,99,76,82,83,340,85.0,A
STU14515,18,Female,4.5,82.4,63,64,87,77,291,72.75,B
STU14516,21,Female,6.0,88.6,90,100,98,100,388,97.0,A+
STU14517,17,Male,7.1,72.9,82,83,76,86,327,81.75,A
STU14518,16,Male,3.4,68.8,71,60,66,75,272,68.0,C
STU14519,21,Male,4.2,88.7,77,76,70,69,292,73.0,B
STU14520,17,Male,8.4,66.8,91,85,73,100,349,87.25,A
STU14521,20,Male,7.1,94.8,100,100,95,100,395,98.75,A+
STU14522,19,Male,1.5,80.4,76,68,66,54,264,66.0,C
STU14523,18,Male,5.2,66.5,76,90,76,81,323,80.75,A
STU14524,20,Female,4.5,77.2,71,77,89,77,314,78.5,B
STU14525,18,Male,6.0,85.8,72,77,64,73,286,71.5,B
STU14526,21,Female,3.2,76.7,85,96,82,100,363,90.75,A+
STU14527,16,Female,3.0,82.2,66,63,59,88,276,69.0,C
STU14528,16,Female,3.3,89.4,66,62,80,75,283,70.75,B
STU14529,16,Male,3.5,80.0,74,57,76,78,285,71.25,B
STU14530,18,Male,6.0,72.6,67,70,70,75,282,70.5,B
STU14531,20,Male,2.4,79.0,75,74,77,89,315,78.75,B
STU14532,16,Female,3.4,96.1,67,64,84,73,288,72.0,B
STU14533,20,Male,1.3,98.9,57,73,57,69,256,64.0,C
STU14534,18,Female,6.3,61.8,77,62,72,77,288,72.0,B
STU14535,21,Female,6.8,92.9,77,92,97,91,357,89.25,A
STU14536,20,Male,3.9,84.5,87,88,100,92,367,91.75,A+
STU14537,21,Female,4.0,91.2,95,92,92,98,377,94.25,A+
STU14538,18,Male,5.3,76.5,75,77,72,79,303,75.75,B
STU14539,18,Male,7.2,64.3,94,72,87,90,343,85.75,A
STU14540,19,Male,5.2,87.8,72,77,91,93,333,83.25,A
STU14541,18,Male,3.2,72.6,56,73,72,69,270,67.5,C
STU14542,18,Female,1.6,68.1,78,73,71,96,318,79.5,B
STU14543,17,Male,2.5,68.8,81,88,79,89,337,84.25,A
STU14544,16,Male,4.6,88.0,82,72,71,80,305,76.25,B
STU14545,19,Female,3.3,83.4,100,75,94,89,358,89.5,A
STU14546,19,Female,4.9,89.8,85,85,96,89,355,88.75,A
STU14547,19,Male,3.5,88.7,65,84,70,70,289,72.25,B
STU14548,17,Female,2.6,77.8,83,67,85,89,324,81.0,A
STU14549,21,Female,2.4,81.3,70,83,85,94,332,83.0,A
STU14550,18,Male,7.3,76.9,84,81,83,85,333,83.25,A
STU14551,16,Male,6.1,79.9,90,97,97,100,384,96.0,A+
STU14552,20,Male,7.6,72.3,71,95,87,100,353,88.25,A
STU14553,21,Female,5.5,85.9,92,100,93,90,375,93.75,A+
STU14554,18,Female,3.7,92.8,83,69,73,88,313,78.25,B
STU14555,17,Female,6.9,73.8,79,86,99,93,357,89.25,A
STU14556,18,Female,4.4,94.8,84,93,78,89,344,86.0,A
STU14557,18,Male,4.9,83.1,80,78,72,100,330,82.5,A
STU14558,17,Male,4.4,84.4,66,65,76,91,298,74.5,B
STU14559,19,Male,0.5,65.0,65,57,80,69,271,67.75,C
STU14560,19,Female,7.4,63.9,76,73,77,83,309,77.25,B
STU14561,16,Female,5.4,83.4,76,77,70,67,290,72.5,B
STU14562,16,Male,5.1,89.9,74,70,88,86,318,79.5,B
STU14563,19,Female,4.4,75.3,69,72,69,76,286,71.5,B
STU14564,21,Male,4.8,98.7,90,100,90,100,380,95.0,A+
STU14565,20,Male,3.4,89.3,92,96,83,87,358,89.5,A
STU14566,18,Male,5.6,72.9,91,96,97,93,377,94.25,A+
STU14567,20,Male,2.1,82.3,63,67,80,72,282,70.5,B
STU14568,18,Male,4.8,100.0,95,94,98,87,374,93.5,A+
STU14569,19,Male,5.5,69.6,58,63,62,70,253,63.25,C
STU14570,16,Male,4.1,87.3,84,95,95,95,369,92.25,A+
STU14571,21,Male,5.2,78.8,71,68,69,85,293,73.25,B
STU14572,16,Female,2.7,89.1,69,68,66,83,286,71.5,B
STU14573,20,Male,2.8,94.7,77,80,66,71,294,73.5,B
STU14574,16,Female,4.9,78.1,75,59,70,69,273,68.25,C
STU14575,19,Male,5.7,93.2,100,91,100,100,391,97.75,A+
STU14576,21,Male,1.1,100.0,82,81,75,71,309,77.25,B
STU14577,20,Male,5.4,82.7,84,89,91,97,361,90.25,A+
STU14578,21,Male,3.5,89.8,73,53,73,69,268,67.0,C
STU14579,18,Female,4.2,76.1,70,76,76,85,307,76.75,B
STU14580,16,Male,2.1,82.2,80,71,72,78,301,75.25,B
STU14581,21,Female,3.0,80.2,72,70,73,79,294,73.5,B
STU14582,17,Female,6.2,90.0,63,83,91,95,332,83.0,A
STU14583,16,Female,4.6,94.0,94,81,87,98,360,90.0,A+
STU14584,18,Female,3.8,80.9,80,76,81,78,315,78.75,B
STU14585,21,Female,4.3,97.3,69,72,69,77,287,71.75,B
STU14586,20,Male,5.4,97.3,67,71,75,73,286,71.5,B
STU14587,18,Female,5.3,90.5,86,76,94,89,345,86.25,A
STU14588,17,Male,4.4,76.8,81,92,100,93,366,91.5,A+
STU14589,21,Male,6.5,75.9,59,77,74,90,300,75.0,B
STU14590,19,Male,6.2,73.9,92,88,76,87,343,85.75,A
STU14591,16,Female,5.2,91.5,86,100,87,100,373,93.25,A+
STU14592,20,Female,4.6,69.9,77,70,73,69,289,72.25,B
STU14593,19,Male,5.7,88.8,90,84,99,87,360,90.0,A+
STU14594,21,Female,5.1,71.2,80,79,78,83,320,80.0,A
STU14595,21,Male,6.4,90.2,90,94,87,100,371,92.75,A+
STU14596,18,Male,6.1,82.2,83,100,100,97,380,95.0,A+
STU14597,21,Male,2.7,95.3,67,83,69,76,295,73.75,B
STU14598,20,Male,2.5,93.4,62,63,64,75,264,66.0,C
STU14599,19,Male,3.2,96.4,55,86,75,80,296,74.0,B
STU14600,20,Female,6.3,96.6,80,88,88,97,353,88.25,A
STU14601,17,Female,1.7,83.4,56,74,60,61,251,62.75,C
STU14602,17,Male,5.2,70.4,67,79,73,75,294,73.5,B
STU14603,16,Female,5.2,71.5,74,79,92,92,337,84.25,A
STU14604,16,Female,6.6,61.1,82,79,82,94,337,84.25,A
STU14605,17,Female,4.8,71.2,78,74,87,84,323,80.75,A
STU14606,21,Female,2.1,82.7,61,64,59,64,248,62.0,C
STU14607,20,Male,2.8,76.4,70,77,71,69,287,71.75,B
STU14608,17,Female,2.4,80.2,58,58,49,56,221,55.25,D
STU14609,16,Female,3.5,86.9,76,65,71,84,296,74.0,B
STU14610,17,Male,4.2,79.0,66,73,68,79,286,71.5,B
STU14611,21,Male,2.4,70.8,45,56,68,59,228,57.0,D
STU14612,17,Female,7.1,81.5,100,88,100,100,388,97.0,A+
STU14613,20,Male,2.1,73.0,64,62,68,73,267,66.75,C
STU14614,19,Female,6.9,79.3,95,89,90,99,373,93.25,A+
STU14615,21,Male,6.6,95.4,96,100,100,100,396,99.0,A+
STU14616,16,Female,6.1,79.3,74,80,87,80,321,80.25,A
STU14617,20,Male,3.3,99.7,81,81,85,79,326,81.5,A
STU14618,17,Female,5.1,96.3,56,61,71,82,270,67.5,C
STU14619,17,Female,2.2,76.2,70,94,92,77,333,83.25,A
STU14620,19,Male,6.1,70.9,64,60,78,82,284,71.0,B
STU14621,16,Female,4.4,81.5,69,72,76,89,306,76.5,B
STU14622,16,Male,3.8,93.5,82,81,86,98,347,86.75,A
STU14623,18,Male,2.3,77.1,67,68,62,69,266,66.5,C
STU14624,16,Male,0.5,91.1,54,55,52,48,209,52.25,D
STU14625,19,Female,2.6,94.1,88,78,84,84,334,83.5,A
STU14626,18,Male,6.5,74.3,100,100,97,100,397,99.25,A+
STU14627,18,Male,3.8,75.2,58,76,57,72,263,65.75,C
STU14628,17,Male,4.2,89.1,74,72,60,86,292,73.0,B
STU14629,17,Female,5.7,83.5,80,85,73,89,327,81.75,A
STU14630,16,Female,7.8,75.1,87,99,86,98,370,92.5,A+
STU14631,18,Male,6.9,78.5,63,80,82,77,302,75.5,B
STU14632,17,Male,2.7,81.3,61,68,67,64,260,65.0,C
STU14633,19,Female,1.0,66.4,74,62,76,73,285,71.25,B
STU14634,17,Male,8.7,89.7,83,93,95,97,368,92.0,A+
STU14635,21,Female,8.6,77.2,89,94,82,100,365,91.25,A+
STU14636,21,Female,4.8,54.2,59,56,75,68,258,64.5,C
STU14637,17,Female,2.2,81.8,73,73,69,83,298,74.5,B
STU14638,18,Male,6.2,74.6,85,92,100,100,377,94.25,A+
STU14639,18,Female,4.3,98.9,91,100,91,94,376,94.0,A+
STU14640,20,Female,4.3,76.1,58,78,64,66,266,66.5,C
STU14641,21,Female,6.1,71.0,86,94,78,89,347,86.75,A
STU14642,19,Male,5.1,87.1,100,93,96,100,389,97.25,A+
STU14643,18,Male,2.4,75.4,72,79,90,73,314,78.5,B
STU14644,16,Male,3.9,74.2,78,82,81,76,317,79.25,B
STU14645,21,Female,5.7,87.1,85,80,84,93,342,85.5,A
STU14646,19,Female,5.4,71.6,70,95,76,88,329,82.25,A
STU14647,19,Male,5.0,67.4,97,81,91,93,362,90.5,A+
STU14648,18,Male,6.2,99.3,84,97,95,94,370,92.5,A+
STU14649,19,Male,3.8,87.8,72,72,67,65,276,69.0,C
STU14650,18,Female,4.8,79.4,79,73,80,80,312,78.0,B
STU14651,17,Female,0.5,82.0,63,75,57,61,256,64.0,C
STU14652,21,Male,3.7,87.1,85,85,79,88,337,84.25,A
STU14653,20,Male,5.9,91.7,90,89,79,90,348,87.0,A
STU14654,17,Male,3.8,74.4,81,72,70,72,295,73.75,B
STU14655,21,Female,3.7,85.7,85,86,80,93,344,86.0,A
STU14656,18,Female,2.6,76.9,80,87,78,84,329,82.25,A
STU14657,21,Female,6.3,80.1,90,93,85,95,363,90.75,A+
STU14658,18,Male,5.5,83.6,81,92,100,100,373,93.25,A+
STU14659,17,Female,6.0,81.9,78,81,77,79,315,78.75,B
STU14660,16,Male,1.4,89.4,60,71,59,53,243,60.75,C
STU14661,16,Female,4.2,86.9,78,64,90,87,319,79.75,B
STU14662,21,Male,4.0,66.9,61,65,77,68,271,67.75,C
STU14663,16,Female,4.0,68.4,81,99,68,96,344,86.0,A
STU14664,18,Female,3.4,78.3,85,83,94,89,351,87.75,A
STU14665,19,Female,3.9,100.0,88,82,99,92,361,90.25,A+
STU14666,18,Female,6.0,73.5,56,76,84,74,290,72.5,B
STU14667,19,Male,1.1,79.9,53,44,56,47,200,50.0,D
STU14668,17,Male,7.7,76.6,89,77,84,98,348,87.0,A
STU14669,20,Female,5.4,76.5,85,90,88,88,351,87.75,A
STU14670,19,Male,4.4,83.8,60,72,67,90,289,72.25,B
STU14671,16,Male,6.1,96.0,100,100,98,100,398,99.5,A+
STU14672,18,Male,1.9,86.6,60,62,52,66,240,60.0,C
STU14673,17,Female,3.3,74.0,49,62,57,72,240,60.0,C
STU14674,16,Male,4.3,100.0,78,65,79,77,299,74.75,B
STU14675,17,Male,7.0,82.8,84,83,80,93,340,85.0,A
STU14676,20,Male,4.4,76.2,88,83,77,80,328,82.0,A
STU14677,18,Male,5.3,96.1,79,72,80,87,318,79.5,B
STU14678,21,Female,3.4,77.3,59,49,73,62,243,60.75,C
STU14679,18,Female,5.4,98.6,88,86,100,96,370,92.5,A+
STU14680,20,Female,7.5,73.3,77,79,71,83,310,77.5,B
STU14681,18,Male,6.3,96.3,74,67,85,81,307,76.75,B
STU14682,21,Female,4.4,84.0,58,71,59,76,264,66.0,C
STU14683,19,Female,5.7,94.9,87,91,95,88,361,90.25,A+
STU14684,17,Male,5.5,100.0,79,87,86,87,339,84.75,A
STU14685,21,Female,5.4,70.7,100,83,89,99,371,92.75,A+
STU14686,16,Female,6.5,94.8,100,92,100,100,392,98.0,A+
STU14687,20,Female,6.5,67.9,90,99,84,100,373,93.25,A+
STU14688,19,Female,4.3,71.5,66,85,58,82,291,72.75,B
STU14689,16,Male,5.7,74.0,74,66,80,70,290,72.5,B
STU14690,16,Male,3.8,87.0,73,85,75,88,321,80.25,A
STU14691,20,Female,2.8,82.3,83,80,71,78,312,78.0,B
STU14692,19,Male,4.0,80.3,74,81,100,88,343,85.75,A
STU14693,16,Male,4.4,83.5,77,69,81,93,320,80.0,A
STU14694,16,Female,1.5,87.9,71,67,71,82,291,72.75,B
STU14695,19,Female,6.0,88.7,73,91,74,87,325,81.25,A
STU14696,18,Male,0.5,92.9,56,57,60,50,223,55.75,D
STU14697,16,Female,9.4,100.0,100,100,82,96,378,94.5,A+
STU14698,17,Female,7.2,81.8,89,91,86,100,366,91.5,A+
STU14699,19,Female,4.0,76.8,65,62,66,68,261,65.25,C
STU14700,16,Male,4.5,88.1,69,80,79,81,309,77.25,B
STU14701,20,Male,5.0,70.6,91,99,84,83,357,89.25,A
STU14702,21,Male,3.4,75.2,69,59,59,70,257,64.25,C
STU14703,17,Male,4.8,92.0,74,84,86,91,335,83.75,A
STU14704,21,Male,4.2,80.8,75,78,65,91,309,77.25,B
STU14705,21,Male,4.3,69.9,85,65,74,78,302,75.5,B
STU14706,16,Male,4.8,67.1,62,61,68,81,272,68.0,C
STU14707,17,Female,2.1,82.5,77,71,83,77,308,77.0,B
STU14708,17,Male,4.6,93.4,81,89,84,97,351,87.75,A
STU14709,18,Female,4.8,93.3,100,98,96,97,391,97.75,A+
STU14710,21,Female,4.7,83.1,78,67,82,79,306,76.5,B
STU14711,17,Male,4.1,100.0,85,82,63,90,320,80.0,A
STU14712,18,Female,6.5,81.0,74,80,81,88,323,80.75,A
STU14713,19,Female,3.9,80.6,68,77,64,80,289,72.25,B
STU14714,18,Male,4.9,56.3,67,73,73,76,289,72.25,B
STU14715,20,Female,6.8,77.5,83,94,77,85,339,84.75,A
STU14716,16,Male,4.4,90.5,72,78,87,84,321,80.25,A
STU14717,19,Female,4.9,97.6,83,69,78,83,313,78.25,B
STU14718,19,Male,4.3,73.7,74,75,71,77,297,74.25,B
STU14719,20,Female,6.7,86.6,62,83,88,99,332,83.0,A
STU14720,18,Male,4.0,92.5,84,87,75,80,326,81.5,A
STU14721,16,Female,6.8,82.1,86,98,100,100,384,96.0,A+
STU14722,18,Male,4.3,59.2,62,62,71,72,267,66.75,C
STU14723,17,Female,3.0,84.5,98,78,86,86,348,87.0,A
STU14724,18,Female,5.7,89.6,97,89,75,90,351,87.75,A
STU14725,19,Male,4.0,72.5,56,52,72,58,238,59.5,D
STU14726,16,Female,5.6,79.5,83,84,85,98,350,87.5,A
STU14727,18,Male,0.5,70.4,53,63,53,59,228,57.0,D
STU14728,16,Female,4.5,56.3,71,71,77,79,298,74.5,B
STU14729,16,Female,3.7,92.3,70,75,84,92,321,80.25,A
STU14730,17,Female,2.6,82.0,49,63,64,61,237,59.25,D
STU14731,17,Female,3.5,98.0,69,65,72,82,288,72.0,B
STU14732,19,Male,3.5,90.6,72,61,80,79,292,73.0,B
STU14733,20,Male,4.4,78.5,66,72,85,66,289,72.25,B
STU14734,16,Male,2.0,81.2,65,59,58,59,241,60.25,C
STU14735,20,Female,5.1,87.7,72,86,66,85,309,77.25,B
STU14736,19,Male,7.0,91.7,91,91,87,100,369,92.25,A+
STU14737,16,Female,5.0,85.2,97,100,90,100,387,96.75,A+
STU14738,16,Female,6.0,93.1,82,85,87,96,350,87.5,A
STU14739,21,Male,6.5,79.0,100,86,83,99,368,92.0,A+
STU14740,20,Female,6.7,72.0,88,90,100,98,376,94.0,A+
STU14741,18,Male,7.9,81.4,100,92,100,100,392,98.0,A+
STU14742,17,Male,3.6,84.1,80,62,69,71,282,70.5,B
STU14743,18,Female,3.2,70.0,74,84,71,72,301,75.25,B
STU14744,20,Male,5.9,68.6,70,73,63,84,290,72.5,B
STU14745,17,Male,5.8,86.5,73,99,93,81,346,86.5,A
STU14746,18,Female,5.9,77.9,72,76,69,92,309,77.25,B
STU14747,21,Male,7.9,80.3,100,85,100,98,383,95.75,A+
STU14748,17,Female,4.5,78.4,78,89,67,79,313,78.25,B
STU14749,16,Female,5.3,97.2,79,79,82,84,324,81.0,A
STU14750,18,Male,2.7,94.6,72,75,85,69,301,75.25,B
STU14751,17,Male,8.3,69.6,100,84,82,100,366,91.5,A+
STU14752,21,Female,3.9,76.7,84,79,79,87,329,82.25,A
STU14753,17,Male,3.9,90.5,68,56,72,76,272,68.0,C
STU14754,17,Male,3.9,88.0,72,68,73,79,292,73.0,B
STU14755,21,Female,3.3,81.6,82,78,83,85,328,82.0,A
STU14756,18,Male,3.2,70.6,70,70,74,73,287,71.75,B
STU14757,19,Female,3.6,75.2,69,73,65,80,287,71.75,B
STU14758,18,Male,2.0,76.8,63,65,80,77,285,71.25,B
STU14759,20,Male,3.1,84.8,75,74,59,68,276,69.0,C
STU14760,21,Male,8.0,99.0,100,100,100,100,400,100.0,A+
STU14761,18,Female,5.8,75.1,65,69,75,71,280,70.0,B
STU14762,17,Female,6.2,71.7,85,86,88,87,346,86.5,A
STU14763,21,Female,6.6,80.9,89,88,96,96,369,92.25,A+
STU14764,16,Male,7.8,92.3,100,97,100,100,397,99.25,A+
STU14765,18,Male,1.3,67.5,60,65,57,77,259,64.75,C
STU14766,21,Male,2.3,96.5,81,70,76,87,314,78.5,B
STU14767,18,Female,3.1,80.3,65,77,56,74,272,68.0,C
STU14768,21,Female,3.7,74.7,69,63,64,76,272,68.0,C
STU14769,17,Female,4.0,66.0,87,92,95,98,372,93.0,A+
STU14770,16,Male,3.7,89.1,70,74,80,75,299,74.75,B
STU14771,16,Female,4.9,80.3,81,82,82,86,331,82.75,A
STU14772,20,Male,4.6,83.7,81,87,71,90,329,82.25,A
STU14773,21,Female,3.2,73.0,97,82,79,82,340,85.0,A
STU14774,18,Male,0.6,78.8,59,66,52,66,243,60.75,C
STU14775,16,Female,2.7,77.1,60,39,51,65,215,53.75,D
STU14776,16,Male,3.5,81.0,68,72,58,62,260,65.0,C
STU14777,19,Male,4.1,75.3,83,93,88,87,351,87.75,A
STU14778,19,Female,2.5,66.7,62,44,69,64,239,59.75,D
STU14779,16,Male,3.6,100.0,84,85,72,90,331,82.75,A
STU14780,21,Male,2.5,68.4,66,65,50,65,246,61.5,C
STU14781,20,Female,4.3,83.8,62,70,62,74,268,67.0,C
STU14782,16,Female,2.6,64.3,53,52,66,62,233,58.25,D
STU14783,17,Female,3.0,62.0,53,63,69,63,248,62.0,C
STU14784,18,Male,2.1,83.0,60,70,63,64,257,64.25,C
STU14785,20,Female,4.2,83.7,100,89,83,97,369,92.25,A+
STU14786,17,Female,2.9,94.6,92,81,69,82,324,81.0,A
STU14787,20,Male,6.1,86.0,95,91,96,96,378,94.5,A+
STU14788,17,Female,5.2,80.5,86,93,96,98,373,93.25,A+
STU14789,18,Male,4.4,72.5,71,72,89,73,305,76.25,B
STU14790,18,Male,3.1,97.0,77,69,64,69,279,69.75,C
STU14791,19,Male,5.2,91.3,100,85,88,87,360,90.0,A+
STU14792,21,Male,5.7,69.5,92,71,74,93,330,82.5,A
STU14793,17,Female,4.8,82.4,82,74,68,83,307,76.75,B
STU14794,19,Female,7.4,83.4,98,94,85,89,366,91.5,A+
STU14795,17,Female,5.3,78.5,79,81,73,84,317,79.25,B
STU14796,19,Female,6.1,89.7,84,87,79,92,342,85.5,A
STU14797,18,Male,4.7,90.3,72,68,99,82,321,80.25,A
STU14798,20,Female,5.7,80.1,71,82,70,77,300,75.0,B
STU14799,19,Female,3.1,79.2,54,62,61,49,226,56.5,D
STU14800,17,Male,3.7,97.0,60,72,67,77,276,69.0,C
STU14801,17,Female,5.1,91.3,95,92,100,96,383,95.75,A+
STU14802,21,Female,5.1,82.7,71,74,82,82,309,77.25,B
STU14803,18,Female,5.4,65.7,89,82,91,88,350,87.5,A
STU14804,17,Female,6.5,85.4,65,72,66,82,285,71.25,B
STU14805,16,Male,1.9,89.0,62,59,70,65,256,64.0,C
STU14806,20,Male,2.7,54.5,46,46,55,60,207,51.75,D
STU14807,19,Male,4.9,84.5,89,86,77,77,329,82.25,A
STU14808,21,Female,3.2,77.8,78,92,83,95,348,87.0,A
STU14809,20,Female,10.0,79.8,100,97,100,100,397,99.25,A+
STU14810,18,Female,5.4,72.9,83,95,91,100,369,92.25,A+
STU14811,21,Male,4.4,80.5,70,76,83,74,303,75.75,B
STU14812,19,Male,3.6,95.9,89,84,88,89,350,87.5,A
STU14813,19,Female,3.6,77.5,90,98,75,97,360,90.0,A+
STU14814,16,Female,4.6,91.7,81,81,86,95,343,85.75,A
STU14815,18,Male,4.7,73.9,72,71,83,80,306,76.5,B
STU14816,21,Female,3.7,89.6,61,66,54,64,245,61.25,C
STU14817,21,Female,4.0,82.0,71,76,89,72,308,77.0,B
STU14818,17,Female,6.9,85.5,89,89,100,98,376,94.0,A+
STU14819,16,Female,7.0,82.1,100,100,100,100,400,100.0,A+
STU14820,16,Male,5.0,88.4,70,79,63,76,288,72.0,B
STU14821,21,Female,2.1,56.3,65,51,70,58,244,61.0,C
STU14822,21,Female,5.5,67.8,63,55,54,77,249,62.25,C
STU14823,20,Male,7.3,86.2,88,93,83,93,357,89.25,A
STU14824,20,Male,7.0,61.6,81,100,76,96,353,88.25,A
STU14825,20,Female,5.8,76.7,78,92,87,82,339,84.75,A
STU14826,16,Male,7.1,81.5,93,100,100,100,393,98.25,A+
STU14827,17,Male,4.6,73.7,87,76,83,81,327,81.75,A
STU14828,19,Female,5.6,75.1,87,81,94,100,362,90.5,A+
STU14829,20,Male,3.3,84.7,67,77,72,82,298,74.5,B
STU14830,17,Female,5.0,92.1,79,81,76,72,308,77.0,B
STU14831,18,Male,6.9,72.4,67,61,62,79,269,67.25,C
STU14832,20,Female,3.4,76.2,71,66,67,82,286,71.5,B
STU14833,19,Male,2.9,74.7,64,68,63,69,264,66.0,C
STU14834,18,Male,4.7,57.8,83,77,82,98,340,85.0,A
STU14835,18,Male,4.1,83.4,71,72,75,83,301,75.25,B
STU14836,19,Female,5.7,91.3,79,90,82,99,350,87.5,A
STU14837,20,Female,3.7,92.2,68,84,98,86,336,84.0,A
STU14838,16,Male,7.6,73.3,89,92,100,94,375,93.75,A+
STU14839,19,Female,2.2,69.5,73,74,84,86,317,79.25,B
STU14840,19,Female,6.8,82.2,100,97,100,100,397,99.25,A+
STU14841,19,Female,3.1,90.3,93,95,100,95,383,95.75,A+
STU14842,18,Male,1.3,83.5,59,59,66,71,255,63.75,C
STU14843,17,Female,4.9,84.9,89,81,83,86,339,84.75,A
STU14844,16,Male,4.0,93.4,98,84,94,97,373,93.25,A+
STU14845,20,Male,2.5,74.6,60,62,66,77,265,66.25,C
STU14846,20,Female,1.5,79.8,73,71,63,72,279,69.75,C
STU14847,17,Female,4.5,98.3,78,70,77,74,299,74.75,B
STU14848,19,Male,6.3,80.0,78,76,71,84,309,77.25,B
STU14849,16,Male,5.6,69.3,85,96,90,95,366,91.5,A+
STU14850,20,Female,4.6,75.3,73,70,64,71,278,69.5,C
STU14851,21,Female,5.4,72.6,66,74,78,76,294,73.5,B
STU14852,20,Male,4.5,85.6,58,59,69,65,251,62.75,C
STU14853,19,Female,1.9,73.0,73,67,79,91,310,77.5,B
STU14854,21,Male,1.9,84.7,64,76,66,80,286,71.5,B
STU14855,17,Male,4.1,74.6,82,66,67,81,296,74.0,B
STU14856,16,Female,4.2,60.8,60,80,79,74,293,73.25,B
STU14857,17,Male,6.0,85.1,90,88,85,92,355,88.75,A
STU14858,17,Male,5.9,83.5,100,100,100,98,398,99.5,A+
STU14859,16,Female,5.6,87.2,77,81,81,85,324,81.0,A
STU14860,16,Female,4.0,75.3,74,75,79,75,303,75.75,B
STU14861,20,Male,2.0,74.2,74,61,78,84,297,74.25,B
STU14862,20,Female,5.2,86.0,91,97,87,98,373,93.25,A+
STU14863,16,Female,5.4,97.2,74,59,72,75,280,70.0,B
STU14864,21,Male,0.5,82.1,37,53,54,64,208,52.0,D
STU14865,18,Female,3.0,86.2,57,76,86,74,293,73.25,B
STU14866,20,Male,3.3,78.8,76,77,65,74,292,73.0,B
STU14867,18,Male,4.7,66.6,58,61,56,68,243,60.75,C
STU14868,21,Female,3.1,91.7,63,65,57,66,251,62.75,C
STU14869,16,Female,4.4,91.1,98,100,88,100,386,96.5,A+
STU14870,21,Male,4.1,89.1,81,94,90,95,360,90.0,A+
STU14871,20,Male,4.2,80.2,74,73,75,87,309,77.25,B
STU14872,17,Female,3.2,88.0,92,74,59,86,311,77.75,B
STU14873,16,Male,3.3,90.9,86,70,83,89,328,82.0,A
STU14874,19,Male,2.6,98.2,85,82,78,87,332,83.0,A
STU14875,18,Male,5.2,91.9,78,78,79,85,320,80.0,A
STU14876,21,Female,5.5,82.6,86,71,90,95,342,85.5,A
STU14877,16,Male,3.1,68.9,75,66,68,74,283,70.75,B
STU14878,21,Male,7.2,83.6,83,91,79,92,345,86.25,A
STU14879,16,Female,3.9,84.6,80,88,100,88,356,89.0,A
STU14880,20,Female,7.3,89.1,100,93,72,82,347,86.75,A
STU14881,20,Female,3.3,95.5,85,84,75,93,337,84.25,A
STU14882,20,Male,0.9,81.0,76,50,56,57,239,59.75,D
STU14883,21,Female,5.2,100.0,99,98,100,100,397,99.25,A+
STU14884,19,Male,4.9,64.4,64,74,62,77,277,69.25,C
STU14885,20,Male,4.6,86.2,79,62,74,81,296,74.0,B
STU14886,16,Female,3.3,74.0,64,69,61,75,269,67.25,C
STU14887,20,Male,4.4,62.9,73,61,79,67,280,70.0,B
STU14888,17,Male,3.6,80.0,76,86,87,93,342,85.5,A
STU14889,20,Male,4.0,67.4,88,88,87,88,351,87.75,A
STU14890,21,Male,6.0,80.4,61,63,77,78,279,69.75,C
STU14891,19,Male,4.8,82.3,77,99,86,96,358,89.5,A
STU14892,17,Female,5.6,93.2,55,56,55,59,225,56.25,D
STU14893,21,Male,4.1,66.9,80,74,82,84,320,80.0,A
STU14894,21,Male,3.9,91.1,75,88,100,97,360,90.0,A+
STU14895,21,Male,2.4,83.0,67,64,75,71,277,69.25,C
STU14896,16,Female,3.8,92.3,84,68,81,94,327,81.75,A
STU14897,21,Female,0.5,77.7,51,53,50,60,214,53.5,D
STU14898,16,Male,3.4,68.7,63,69,70,66,268,67.0,C
STU14899,21,Female,4.4,69.8,72,75,85,77,309,77.25,B
STU14900,18,Male,5.5,69.1,73,89,80,84,326,81.5,A
STU14901,17,Male,4.0,86.8,95,81,86,72,334,83.5,A
STU14902,18,Male,5.1,96.8,71,89,100,88,348,87.0,A
STU14903,21,Male,0.6,76.4,57,57,61,63,238,59.5,D
STU14904,17,Male,4.4,88.3,63,64,78,64,269,67.25,C
STU14905,17,Female,1.5,66.8,41,40,48,40,169,42.25,F
STU14906,19,Male,2.3,83.8,71,68,80,90,309,77.25,B
STU14907,18,Female,4.2,88.7,79,79,81,88,327,81.75,A
STU14908,19,Male,6.8,67.5,84,95,86,85,350,87.5,A
STU14909,17,Male,5.2,80.0,91,83,95,100,369,92.25,A+
STU14910,16,Male,4.5,89.2,75,73,80,84,312,78.0,B
STU14911,17,Female,4.5,52.7,62,60,62,77,261,65.25,C
STU14912,19,Male,3.2,95.4,60,79,78,75,292,73.0,B
STU14913,18,Female,3.5,85.5,70,73,77,89,309,77.25,B
STU14914,21,Male,5.3,89.2,100,100,100,100,400,100.0,A+
STU14915,21,Male,2.0,77.9,67,76,75,80,298,74.5,B
STU14916,18,Male,5.6,64.8,74,74,68,92,308,77.0,B
STU14917,21,Male,3.8,87.3,84,85,87,91,347,86.75,A
STU14918,21,Male,6.0,81.2,76,80,87,80,323,80.75,A
STU14919,19,Male,6.2,82.3,86,91,96,95,368,92.0,A+
STU14920,18,Female,1.5,92.9,57,63,61,67,248,62.0,C
STU14921,20,Male,3.5,89.6,62,69,71,66,268,67.0,C
STU14922,16,Female,3.0,100.0,85,81,96,98,360,90.0,A+
STU14923,16,Male,1.2,83.5,72,67,76,86,301,75.25,B
STU14924,21,Female,2.6,75.1,76,63,63,67,269,67.25,C
STU14925,16,Female,8.9,80.1,93,90,91,100,374,93.5,A+
STU14926,18,Male,5.6,86.2,84,81,76,76,317,79.25,B
STU14927,18,Male,8.0,92.2,85,83,100,100,368,92.0,A+
STU14928,17,Female,6.0,67.3,88,80,84,92,344,86.0,A
STU14929,17,Female,3.2,82.1,81,76,68,78,303,75.75,B
STU14930,16,Male,3.8,98.1,78,83,68,90,319,79.75,B
STU14931,20,Male,5.6,79.6,70,92,79,88,329,82.25,A
STU14932,17,Female,5.3,91.3,78,82,74,83,317,79.25,B
STU14933,17,Male,3.5,86.9,62,63,69,81,275,68.75,C
STU14934,18,Female,1.8,91.6,53,71,45,64,233,58.25,D
STU14935,20,Male,10.0,73.9,100,100,96,100,396,99.0,A+
STU14936,21,Male,4.2,73.9,70,78,72,80,300,75.0,B
STU14937,16,Female,3.9,82.2,63,63,71,65,262,65.5,C
STU14938,17,Female,4.7,66.7,67,75,68,87,297,74.25,B
STU14939,20,Male,4.1,79.3,75,76,74,92,317,79.25,B
STU14940,20,Male,4.7,84.5,76,62,75,90,303,75.75,B
STU14941,16,Female,6.8,99.8,100,100,100,100,400,100.0,A+
STU14942,20,Female,4.3,86.0,72,75,95,81,323,80.75,A
STU14943,20,Male,2.4,88.3,64,71,78,72,285,71.25,B
STU14944,20,Female,4.2,93.6,80,93,80,83,336,84.0,A
STU14945,17,Female,3.7,72.4,69,53,62,68,252,63.0,C
STU14946,16,Female,7.1,80.3,89,100,79,100,368,92.0,A+
STU14947,20,Female,6.6,100.0,96,79,95,99,369,92.25,A+
STU14948,20,Male,4.7,81.2,84,79,82,79,324,81.0,A
STU14949,17,Female,2.2,93.2,85,78,77,84,324,81.0,A
STU14950,16,Female,2.3,91.6,84,89,89,84,346,86.5,A
STU14951,18,Male,4.5,67.2,72,74,72,60,278,69.5,C
STU14952,17,Male,5.1,85.1,70,74,75,78,297,74.25,B
STU14953,16,Male,3.8,83.5,81,96,90,92,359,89.75,A
STU14954,20,Female,3.6,85.3,83,89,88,95,355,88.75,A
STU14955,16,Male,3.4,74.5,78,75,81,78,312,78.0,B
STU14956,16,Female,4.5,70.8,64,66,65,71,266,66.5,C
STU14957,21,Female,0.5,77.2,38,53,60,62,213,53.25,D
STU14958,16,Female,2.5,81.0,64,66,80,68,278,69.5,C
STU14959,18,Female,3.4,93.8,60,61,77,71,269,67.25,C
STU14960,16,Female,6.7,100.0,81,84,70,87,322,80.5,A
STU14961,18,Male,3.0,96.0,69,57,77,73,276,69.0,C
STU14962,20,Female,4.8,90.6,87,87,97,88,359,89.75,A
STU14963,18,Male,4.9,72.0,95,77,88,79,339,84.75,A
STU14964,20,Female,6.8,77.9,100,100,99,100,399,99.75,A+
STU14965,20,Male,6.8,84.1,96,86,88,100,370,92.5,A+
STU14966,18,Female,4.4,75.7,84,73,60,83,300,75.0,B
STU14967,17,Female,3.6,87.8,91,85,81,98,355,88.75,A
STU14968,19,Female,3.3,89.2,70,83,87,76,316,79.0,B
STU14969,16,Male,4.1,87.4,78,88,88,86,340,85.0,A
STU14970,21,Male,3.7,92.3,75,75,69,70,289,72.25,B
STU14971,19,Female,5.5,73.0,72,84,99,93,348,87.0,A
STU14972,16,Male,5.3,91.3,91,85,100,95,371,92.75,A+
STU14973,16,Female,5.6,75.0,67,85,78,88,318,79.5,B
STU14974,20,Male,6.8,72.6,78,75,89,81,323,80.75,A
STU14975,16,Female,7.9,87.3,98,93,81,100,372,93.0,A+
STU14976,21,Male,4.7,94.2,88,89,92,87,356,89.0,A
STU14977,16,Female,6.5,86.9,95,98,93,91,377,94.25,A+
STU14978,18,Female,3.9,82.2,93,86,90,88,357,89.25,A
STU14979,19,Male,6.6,85.1,94,91,100,100,385,96.25,A+
STU14980,18,Male,6.4,83.4,100,73,80,87,340,85.0,A
STU14981,21,Male,6.3,70.7,74,85,73,85,317,79.25,B
STU14982,16,Female,4.7,69.6,81,64,97,85,327,81.75,A
STU14983,21,Female,3.3,81.2,65,67,72,86,290,72.5,B
STU14984,20,Female,2.0,82.8,84,78,80,82,324,81.0,A
STU14985,18,Female,4.4,82.1,75,80,54,85,294,73.5,B
STU14986,18,Male,7.3,88.8,100,98,94,100,392,98.0,A+
STU14987,17,Male,3.9,79.8,85,86,91,99,361,90.25,A+
STU14988,16,Male,5.9,87.6,76,79,73,100,328,82.0,A
STU14989,20,Male,6.0,80.6,86,85,90,90,351,87.75,A
STU14990,18,Female,4.0,100.0,62,67,70,76,275,68.75,C
STU14991,18,Female,6.9,82.8,80,79,77,88,324,81.0,A
STU14992,20,Male,0.5,100.0,63,68,58,68,257,64.25,C
STU14993,21,Female,2.3,85.5,97,78,94,78,347,86.75,A
STU14994,21,Female,2.9,79.9,71,76,74,72,293,73.25,B
STU14995,16,Male,3.0,73.0,58,57,52,70,237,59.25,D
STU14996,17,Male,5.1,67.6,77,69,86,88,320,80.0,A
STU14997,18,Male,5.0,72.1,73,92,91,76,332,83.0,A
STU14998,17,Female,5.2,73.2,78,69,76,76,299,74.75,B
STU14999,21,Female,5.6,85.9,95,91,100,100,386,96.5,A+
STU15000,21,Female,2.8,76.7,68,74,85,87,314,78.5,B
